A_id,Size,Weight,Sweetness,Crunchiness,Juiciness,Ripeness,Acidity,Quality
117,-1.447494934,-1.136977946,-0.836801233,1.932464027,-1.512099553,0.801874172,2.669102823,bad
2694,2.839617992,0.747720396,-1.026055396,-0.709875681,0.431186284,0.970474653,3.604999027,good
474,1.728200791,1.787493586,-1.431247665,0.160493336,0.188754032,-0.010727553,2.308864383,good
2322,3.098029339,-1.732347048,-1.507209401,-0.21694332,4.039246137,-0.301569514,0.617345483,good
3263,-0.186885716,1.081615625,0.828304303,0.089561027,3.209067332,-3.40760201,1.2971345,good
1928,-3.491090174,-2.459008699,1.466740537,-0.035262957,1.840056006,2.458185205,-2.84015253,bad
3262,1.172627897,-1.277302089,-0.434008982,2.819312166,2.39643271,-2.801637468,2.297794779,good
720,-2.828707352,0.864626494,-3.149638826,0.005376275,-3.261025914,4.171440258,2.102061885,bad
3983,-3.652936196,-1.117508955,3.271792195,-1.266320362,2.360318847,0.00721203,-2.022186257,good
2349,-1.890719846,-3.248342069,3.6066911,1.238127273,1.544617186,1.238559135,-1.487521965,good
3892,-1.159024373,-2.189760648,-1.863538563,-0.080853724,1.032969876,1.560881469,-4.586248088,bad
3539,-0.438077175,-2.006049618,-3.38307656,1.19741702,-0.306324307,3.399036129,-1.038366412,bad
13,-1.345530536,-1.623701121,2.044143754,1.754812932,0.997567093,0.434179855,1.724026084,good
1828,-0.575421766,-0.635324557,0.132194528,1.565632598,1.250324734,-1.701047529,4.125106377,bad
1913,1.574285217,0.745976125,-0.571434913,0.050196237,3.499596118,-1.843712986,0.015523334,bad
3908,2.41762954,-2.415989414,-2.329472918,0.793548207,2.12465208,0.460877797,1.539828557,good
3429,-2.458767904,-0.821408712,-2.410657459,1.425252218,0.429372211,1.85341369,-2.020660357,bad
2298,-0.429592197,-0.474286817,0.084666235,2.239623716,1.230820652,0.468641637,-1.416918958,good
258,-1.616073734,-0.19620202,-2.145537289,0.024236485,1.767860033,-1.738779359,-0.985096387,good
255,1.215343488,0.454075004,-0.910714666,2.839160662,-1.286710751,-1.302087805,0.340237631,good
2527,-0.270247824,-1.201557207,-5.180526893,1.296239624,-2.091876125,3.152911478,-1.750078184,bad
3600,0.885404263,-1.592328864,-3.242056579,1.21608102,-3.478284883,2.560784714,-0.372651142,bad
179,0.443371969,-2.637919054,0.319253124,2.622455078,2.551202269,1.188443399,-1.01323595,good
2109,-0.090270944,-1.726818821,1.353851057,0.264375161,2.006328749,1.038351489,-3.391138415,good
3012,-2.34896203,-1.494003637,-0.145984118,-0.083063385,-1.701186597,3.296392015,-0.104389292,bad
2702,3.436588668,-0.789016575,-0.72497271,-0.175611649,2.961983834,-0.290080505,1.817069571,good
955,0.684001861,0.264121486,-2.775463826,0.376440041,-0.129448859,1.248313785,-0.352533686,bad
204,0.237405908,-0.743632082,1.892783174,1.366006813,1.26545143,1.023981506,1.095010268,good
1969,-2.737078563,-2.429581351,4.120719586,0.617622993,0.595397404,0.460919112,-0.944009775,good
670,-3.199055892,-0.632078515,0.305981162,0.630721591,3.372708278,1.191213059,3.067087102,bad
2968,-0.198627327,-2.353435819,-5.271683657,0.241118137,2.626928727,5.135221497,-1.103758111,bad
368,-3.420203667,1.145895432,0.445298637,-0.019282419,2.839288162,-0.56097811,-3.201853102,good
507,-0.055725962,-2.07918008,-2.586991509,0.482617063,-0.271768489,0.439725398,0.267883253,good
2630,0.024373787,-1.441795114,-2.815161788,4.759772929,-1.221851636,-1.223276958,0.213071582,good
1152,1.250977228,-4.182937814,1.225434692,0.361952327,-3.253542718,0.525503493,-2.60312352,bad
1772,-1.749403452,-5.746383673,1.467217611,1.203402054,-3.283043905,0.830028458,-5.387118149,bad
81,-2.451373743,-2.460445365,3.310559586,1.100072267,1.667256216,-0.01057985,-0.908360248,good
2425,-0.057767571,0.286939811,-0.648795826,1.96931217,-0.823967903,0.195576256,-1.016481028,bad
2943,-1.203050515,-0.833300443,-1.760756705,0.32769509,3.081355136,0.446068482,1.937378487,bad
3550,-1.163636873,-0.217289811,-0.020166125,1.666147092,-1.354427839,0.17638486,0.866186822,bad
898,-2.434181469,-2.395268733,-0.366694008,0.689192609,3.285802082,3.970508519,-0.681570939,bad
3917,-4.795198592,-4.052085452,0.96953572,3.12576425,-0.240486731,3.47047915,6.13896523,bad
3754,-0.034491468,-3.606194383,2.601699328,2.882483333,0.29195067,-0.292868579,-1.394184455,bad
835,-0.245488448,-2.933223854,1.122287204,1.516149917,1.76362484,1.957459911,-1.675279484,good
858,-0.928644679,-1.096734171,-2.570144912,-0.95699586,2.819405655,0.338450512,4.306908269,bad
3792,-0.994149952,-1.667667509,-0.350210139,-0.085782442,-0.31355705,2.705482532,-1.957389142,good
1804,-2.631879211,0.289642541,1.660824829,1.256371591,2.754925646,-0.860745214,-0.586266336,good
279,-0.560748733,-0.157070531,-1.695140995,0.454258111,1.54203353,0.351700673,1.822181262,bad
3362,1.203179539,3.010767496,-1.975669694,2.460692388,0.818458824,-1.442720454,2.193523816,good
242,-0.026485744,-0.799181452,-3.372003186,3.223286509,-1.319326728,0.30100296,-0.816365227,bad
1210,-0.016624055,0.380198042,-1.510938372,1.756055388,1.646458161,2.25479157,1.906740297,bad
1027,-0.267140934,-3.384006852,4.079122898,2.317536273,-1.937529179,-2.740641238,-1.96567694,bad
1332,0.519095639,0.493767485,-4.358784668,0.202791254,0.263817051,2.967692158,-0.222751026,bad
175,-3.005490261,-0.487316731,2.24018426,-0.952809122,1.930097417,-0.252653951,-2.337145932,bad
2984,-2.117993139,-0.565222771,0.073178533,1.327455066,0.374310021,-0.03857192,3.188874035,bad
2885,2.976558499,0.454123,0.814725936,-4.495358682,2.148842902,0.968814942,3.159536667,good
409,-1.456216537,1.715472496,-1.754080472,0.622814372,-0.237515854,0.169501857,0.819827005,bad
2686,2.298925269,-1.350163585,-0.649910488,-1.438298417,2.256085361,0.358693871,1.753576087,good
2411,-4.9725155,-0.262867233,4.09739266,1.096328379,1.319099504,-2.022445643,3.34199466,bad
3930,-3.40903824,0.580091934,2.572799458,-1.432214772,-0.451346022,0.854121569,-3.128879868,good
1269,-1.944559537,0.635648398,-3.930909518,0.158372627,-1.25891549,3.181640717,-0.226509407,bad
1489,-1.79013844,-2.883487577,-2.286722473,2.225203847,-0.703248983,3.738494175,-1.614855762,bad
388,1.455947385,-0.481695767,-2.50231376,2.682689065,-1.734331273,0.079200653,-0.838856348,good
1560,2.175526467,-1.626535119,0.894188724,1.949642538,1.288661772,1.402139622,-2.268126637,good
3750,-3.444345088,2.12601723,-2.60191038,1.728499389,1.741967143,-0.406072786,-1.187467937,good
2141,2.313424663,-1.963352972,-1.548023171,-0.031263658,-1.463958695,4.328298465,-0.835054852,good
1476,1.803309978,-0.516003276,-3.738179988,2.623058818,-2.527129856,0.824589391,-2.528922726,good
50,-2.938616815,0.524454917,0.802257441,-1.475930881,-0.336348939,1.43064807,-2.298875523,good
3144,-2.248007616,-2.310954553,-0.430174065,1.798926187,-0.690107779,0.448416457,-2.872017555,bad
2711,0.264543326,-3.494726031,3.817398301,-0.822785222,-0.799215235,2.580769523,-0.026114955,good
226,0.585207822,-1.480399294,-1.530431723,1.59253166,0.2212905,-0.046626258,1.508887162,bad
1163,-2.34425727,-4.028971635,0.283568222,-0.518436981,-0.543546687,2.687180088,-4.92196266,bad
1751,-2.818993177,1.050634051,-1.086368485,-1.590237183,1.445839086,3.698570269,0.444069046,bad
686,-4.020484414,-1.474383083,1.255979071,0.310141027,1.929849571,0.735166137,2.383936244,bad
37,3.948113709,-1.634183083,-4.773780118,1.9316313,0.790539691,1.583097197,-2.478055932,good
2195,-1.310657812,-1.210850946,-0.789613398,1.720657274,0.214007605,3.557588395,-3.000197815,bad
1098,3.602229864,-1.657558451,-0.607623597,2.03462981,4.056210464,-1.129443865,4.125265455,good
2240,-2.888477189,-2.467959017,2.064439511,1.249091416,2.647103634,0.73238027,-1.341537581,good
961,0.433143551,0.100089122,-2.64677244,3.006648211,-1.389106374,-1.818382161,-1.15329372,bad
2813,-2.031357306,-1.883199758,-1.252338358,2.505957336,-2.975863457,0.943990955,-1.198752546,bad
851,1.806404783,-2.355395033,-0.2061129,-1.210372234,2.765678772,-0.392659285,3.104922831,good
3303,-1.977979998,-0.229482705,1.283457917,0.23889794,1.049934948,0.682324062,0.369580215,good
466,-1.003934111,-2.909208337,-0.503052237,1.649892305,2.448246715,-2.526101324,1.414178188,good
3244,-2.042188947,-3.259705692,5.019020042,-1.807715157,0.705932295,1.798553071,-1.88350261,good
2318,2.764036359,-0.333896729,-2.554159219,0.791335796,1.485691092,0.569436273,1.996529898,good
1544,-0.03819287,-0.159648836,-0.90249053,0.695370456,0.959944829,-2.142135454,-2.917894697,good
1458,1.870198395,-4.994460268,4.717131362,0.963823956,-0.503281211,3.779079424,0.338473295,good
1056,-0.504181355,-1.496259848,-3.322178632,0.79911341,0.383919832,2.278242154,0.991549395,bad
1389,-3.607746491,-0.7596948,1.634866279,-1.217979074,1.414093393,0.364304606,-3.518392042,good
1193,-1.022152515,-2.653267827,-0.914114032,-0.112849379,2.740261362,1.20328494,5.098353797,bad
2512,-1.796717649,0.370379372,-1.056926599,1.806020006,2.434843756,-0.36004304,-2.920077461,good
638,-0.261529698,-1.016735858,0.648950533,0.905915977,-2.331123221,0.427890498,0.568969749,bad
3986,1.814401033,-1.461634618,-2.514538571,2.975837713,-1.109729859,-0.631429024,-2.793807727,good
3520,-0.083517126,-3.397728471,-0.00728063,0.825889683,2.126599495,-2.321048257,-0.993894782,good
1665,0.01556201,0.321166939,-0.737219189,2.016975004,1.356614322,-0.434289762,1.798605677,bad
2443,4.160258111,-3.529278569,-2.283460035,3.091616102,3.125334184,0.065801674,2.943658081,good
1679,0.905159053,-2.074056748,-2.905731595,0.26048095,1.845435377,1.096334219,4.09531232,bad
1147,4.264394965,-2.038458624,-3.292643859,2.143563544,2.024295718,1.166679045,1.657770128,good
397,0.481356292,-0.140110818,-2.940686361,3.603661679,-3.465855278,2.215774651,-0.856561122,bad
1524,-1.724106427,-0.975230087,-1.737464219,0.842446064,0.59629652,1.455456286,-2.109986332,bad
3724,-0.896410734,0.069006498,-0.446789053,0.048893091,0.949138848,1.460102011,-2.349972115,good
451,-2.394312987,-2.843008792,1.176567539,-0.693392544,0.400813315,2.699625485,-2.85697803,bad
741,0.077349052,-0.171175126,-1.364395781,4.491519184,-1.127824548,-2.438635299,0.001521444,good
3425,-3.250218703,0.425068786,1.044693918,-0.584891536,-0.260019957,1.124428695,-1.758251832,good
508,-2.069803047,-2.174906078,-1.271278847,1.575417631,-0.66219489,4.134098994,-1.658382639,bad
3177,-2.954896105,4.202643132,-3.468045836,-2.146075341,-1.400878558,1.096127897,-1.679607938,good
1876,-1.38504694,-0.094555188,-2.849892282,1.520713926,0.8391144,2.230514679,-0.402378588,bad
940,-2.768701223,2.349618718,-3.016333594,1.136014229,1.788677723,1.474187018,0.569352532,bad
2545,1.141353623,-0.514794974,0.628424312,-2.070047317,2.503568766,-0.48229007,3.831942983,good
2949,-1.106248249,-3.748715042,2.899171796,1.15004173,1.410175235,2.244369823,-0.364772303,good
2722,0.283243486,-1.645347912,-1.438196387,1.097949949,-2.676386764,1.952501478,-0.240177877,bad
2491,1.861523223,-1.004459833,-1.429995863,1.543427462,-0.050274064,2.431354933,-1.175107477,good
3416,1.153913151,-4.317743611,1.435670599,2.273066016,0.822960315,2.9977219,1.95327206,good
813,1.666354406,-3.521163155,-3.208839842,1.834060148,1.008371578,0.487534028,-0.46500337,good
2998,-3.142309369,-1.273307011,-0.459075879,-0.349881867,0.812774356,0.621235615,-4.199263205,bad
2147,1.472628167,-0.533480491,-4.399630162,2.291794636,0.149331683,0.556242287,-0.858438387,good
3471,-1.370552293,-2.61157483,-1.75820626,-0.290133963,3.466107661,2.74215023,2.527526345,bad
907,-1.424181699,-2.184957665,0.772973172,-1.203528884,0.736420181,1.820272944,-3.016466776,bad
785,-4.145439993,0.777986007,1.487350603,2.065713154,3.403159187,-2.632625896,-1.263063979,good
403,-1.122360942,-0.755385226,-0.938569856,0.462277508,1.779085817,0.853567834,1.291181186,bad
250,-4.401879009,-1.880835494,-0.18552821,-1.155767962,1.51741081,2.435939123,-4.663497109,bad
2054,-1.770374991,-2.619782722,2.710192633,0.43307871,2.980502899,1.307302676,-3.088850587,good
2925,-0.651573588,-2.304197821,2.87599049,0.324107687,-0.093583191,2.125974254,1.897369292,good
2337,-4.76866674,2.128980397,-0.074342473,0.939615211,2.64209448,-1.488100155,-2.204790514,good
2366,-1.146725316,-0.548734161,-0.298044781,1.167566885,-0.10334691,-0.167098766,0.892245948,bad
3490,1.132006523,-1.7635908,-1.565067649,2.563091336,1.541496637,-1.483364574,0.250770105,good
2718,0.864548396,-1.108391207,-3.002650413,0.660961123,0.384842613,2.986851251,-3.066802416,bad
757,-4.196919423,-1.354339065,0.969585407,2.694997845,-1.530658751,2.023067324,2.177282174,bad
375,2.130866128,-1.050049577,-0.182559512,0.948857184,2.78388718,-1.198078716,3.654805327,good
694,1.583973044,-1.220156964,-2.654160049,0.263113563,-0.711733235,0.484312026,-1.42480894,bad
3526,-3.526069166,1.146947206,-0.193728771,0.271124563,-0.282697872,1.773856809,1.444897577,bad
150,1.187548188,-3.488738179,-0.024981539,1.056351322,2.167240994,-1.40784869,1.191130833,good
3828,-2.21491788,1.371664198,-0.802180913,0.396454035,2.499406114,-0.881342914,-2.94294254,good
3519,-0.032135409,0.096373975,-0.711031528,-0.764649878,1.530441595,-2.237087872,1.66902099,bad
2073,-0.396577114,-1.999882587,-1.20753401,0.483109256,0.057674238,1.387186382,-0.095012373,bad
2053,0.302576134,-2.011766605,1.900143092,0.53308974,1.703285297,1.261360049,-0.449605316,bad
2091,-0.000752023,-3.554890292,-1.110145172,2.093299951,-1.968881706,0.401407765,-3.513559603,bad
238,3.062485208,-0.168910991,-1.458126528,3.228027575,-1.221682748,-1.766620523,1.123206738,bad
3659,-0.403559622,-1.563125004,-1.578352241,4.080576129,-0.697546847,-2.415979785,-1.169836168,good
1175,0.087577087,-0.274182776,2.016603624,-0.402174733,4.107583543,-3.34677381,3.991479474,good
2350,-1.313893834,-2.386817845,2.505231799,1.339162226,3.790206269,0.221429828,-2.583858134,good
2069,-0.769126954,-2.158429909,1.902392292,1.127191179,-0.201490141,1.91293074,-0.062892903,good
779,-2.980741437,0.101515699,3.011631798,-0.369518392,2.570251972,-0.855631662,-1.770887232,good
3121,-0.374514391,1.113480936,-2.194559884,2.726527418,-0.541873663,0.326557078,1.99553046,bad
3814,1.711418837,0.928887243,-4.111322038,-0.808202554,4.163023416,0.456022911,-1.356739922,bad
832,-3.861955439,-0.722187565,2.712540816,0.043894313,1.100943111,0.144929021,-1.853269386,good
3261,-0.429563811,0.058149216,-0.997900265,-0.178884865,2.492185845,-0.169497375,0.210347278,bad
1207,1.078988835,1.748098959,-0.46744579,0.973976182,-1.772851599,-0.541926568,1.224430811,good
2541,-3.824104179,-0.653506493,2.017481112,-0.650462417,-0.267903409,-3.810386842,-0.293752288,good
2905,1.138854566,0.029772961,-0.721141826,0.849334678,-0.155630819,-0.574074893,-1.345222378,bad
1501,0.687982091,-0.13509323,-1.257287334,3.237504317,-1.20599185,-1.335646136,1.003508224,good
602,0.440097677,-0.536274042,-0.854270771,0.160994771,-0.049758099,3.081594887,1.334893586,bad
307,-2.663491728,-2.791736765,-1.968158211,0.220643916,1.706019629,3.889013696,2.720284244,bad
306,-2.254441392,-0.181272307,-0.374981186,-0.641099132,3.268848089,-1.137355411,3.739759196,bad
2316,0.23073267,-2.729225443,-2.143869768,-1.400213256,1.609957134,0.30422709,-0.297613936,good
1363,1.948034077,-0.77565168,0.714293701,2.223279282,-0.018978448,-1.301383556,0.81596028,bad
1664,-1.643260255,1.59531914,0.305949083,0.777089161,0.502035198,-1.669015282,0.200985333,bad
2042,-3.360436166,-0.453961255,0.98522796,-1.760200315,0.093801121,1.954173736,-1.717266777,bad
2001,-6.905803173,-0.599814577,3.640811227,-0.807991164,3.090986845,-1.912563985,-2.135251693,good
2877,-4.85723015,0.918827133,1.828043929,1.05362924,1.162220189,-1.082272142,0.734982747,good
3357,-0.144840976,-1.336007563,-3.617778748,1.803502379,-1.582838342,0.446698087,-1.8810387,good
3049,2.329371607,-2.338652131,-0.495711205,-1.401172164,3.025817286,0.258610491,1.945986711,good
1012,-0.373861901,-0.766067802,-2.417651619,-0.019789441,0.215198554,-0.588967865,3.543470082,bad
3116,0.539055893,-3.805667483,2.723953575,1.27112836,0.554292284,2.554438013,-2.047689391,good
3039,-0.188985311,2.975707192,-0.215147855,0.171247176,-0.372198595,-1.431905623,2.766830845,good
3962,-2.546753644,0.688784855,1.029541674,1.052267455,1.738183073,-0.494162264,-0.947002551,good
1283,2.594520508,-4.535126756,0.908736404,5.559758976,2.374529756,2.393039986,2.030695991,good
2566,-1.367623069,0.816662354,-2.342179735,0.038995248,1.312044294,2.836942995,0.3066305,bad
1881,-0.499743859,-1.13807292,0.508688415,1.321902827,0.580225039,-2.549181044,1.003754094,good
3959,0.444592364,0.290373626,-1.973922628,0.400662398,2.991891798,0.367347732,-0.74790279,bad
2580,1.123467632,-1.824627279,-0.026979951,-0.479946033,1.304339937,-0.80521152,0.502430498,good
2637,-1.185343007,-2.153863533,0.697222872,1.323673063,4.409921818,0.631300219,-3.432184357,good
2935,-2.086321706,-1.905179871,0.138326637,2.351929577,-0.953284953,1.973830884,-0.268075678,bad
2977,-1.661266138,-0.51612929,-1.100306462,-0.251146092,2.521782096,-0.529969803,4.207055592,bad
2844,2.412594659,-2.424529459,-0.71767619,1.232904705,4.795188314,-1.422100874,3.979854814,good
190,-0.433011417,-1.473763868,1.062339037,0.988938696,0.219544502,2.118380707,0.924712224,good
929,1.399783572,1.036337966,-0.642470642,1.480019356,-0.925231097,1.131227991,-2.384086925,good
662,-1.951982198,-0.943181313,0.954476421,0.825412298,1.226474187,1.165690234,-2.406163774,good
1678,-0.72423927,-0.148748096,-1.057709143,1.533394636,0.609297565,0.736200747,0.204386751,bad
351,3.795331116,-5.103104469,1.502398169,1.327884139,-2.311153278,5.553256265,2.733986236,good
1158,0.024337754,-2.21590944,1.309567963,1.569842589,-2.798334523,-1.290025102,-1.231201967,bad
294,0.49702766,-4.501008255,-0.720715327,3.177121982,2.53614682,-2.032103415,3.350155927,good
489,0.772798805,1.54118035,-2.732458717,1.440223409,0.282460292,0.874259008,1.950120377,bad
354,0.697413744,-2.102824858,-0.104777111,-2.75950978,3.835418965,-0.531325325,1.525044452,good
2787,-1.702933059,-3.828733221,0.172268874,0.603078586,-1.6370191,3.352336849,-2.281646448,bad
3133,-1.67591132,0.870155619,-3.436341121,0.637723798,-0.617020085,3.398545069,1.094332865,bad
2445,0.543335743,-0.662709166,-1.286173818,1.118483167,1.23763731,1.142694301,-0.064020014,bad
3922,0.718260823,-2.947241551,1.178940271,1.107308434,-0.233513877,2.642049275,0.816681247,good
3395,-1.489318956,0.160940823,-0.15598901,-1.014487417,0.451833838,3.726459037,1.493954536,bad
25,-1.299468393,-3.504792012,-1.129402004,0.555905383,-2.807550163,1.714630108,-3.846641823,bad
738,3.414941934,-0.60342316,0.665699308,-1.788599548,4.022488353,-0.29982674,3.86888573,good
1422,-1.134728217,-0.653594639,2.759729824,0.521098244,-1.039218802,-3.979698402,4.329863961,bad
3521,-3.422046413,0.885946857,1.065531995,0.945259751,2.435373129,-1.043162492,-0.590615714,good
2190,-1.222465825,-1.390363637,-0.848536828,2.346494485,1.522259618,-2.98614991,0.420361836,good
3281,-0.337941206,0.151411752,-0.929492761,-1.209260978,1.038715879,-0.810870703,-0.113157751,good
1970,-0.466922125,0.853342475,-3.116447972,-0.059156058,-2.264304919,3.829823256,-0.142374841,good
3507,-1.680703865,-1.174720822,1.609465182,0.972546094,0.358214106,0.495325489,-0.751744832,good
2344,-0.982920666,-3.102776576,-3.612113188,1.020610856,-0.000245441,4.887297371,-0.523976498,bad
80,1.906895248,-0.286557035,-0.642276275,-0.909686603,0.56727051,0.447676716,2.331284997,good
2786,-1.025592992,1.269553924,-2.598011934,1.071034419,-2.636256139,0.664791491,1.516530547,bad
2713,1.226203325,-1.020326396,-1.333379827,3.025561117,-2.504680702,-1.840986463,-0.801434151,bad
3578,0.000305633,0.239963341,0.732234161,2.56172321,-1.573331581,-1.266561987,0.267861555,bad
1629,0.300843482,-5.570704788,-4.539610125,4.227448323,-2.317600069,1.089686302,-1.204729283,good
3114,-0.219935249,1.288949244,0.63137566,0.162954652,0.992985316,-0.813277565,0.777577489,bad
1663,-0.534013371,-2.467902511,-0.654617659,2.107703749,1.896658717,2.11888199,1.723762318,bad
827,-0.564969539,0.060714672,-1.074753678,-0.024840049,-0.579623518,-1.106184981,-1.564030154,good
2826,-2.334493415,-1.748962938,-0.679267926,1.598559669,-0.430467715,1.808382906,-0.427016765,bad
902,-2.142423097,1.952107472,-2.521274217,0.39862791,0.823257484,0.683039333,-3.759799863,good
2923,2.090372229,-1.901308958,-1.438312467,-0.058434436,1.708060148,0.35692766,1.767633005,good
2879,-0.629681048,-1.034102384,-2.720800614,0.528908809,-2.388590194,0.875483669,-2.352559669,bad
2032,1.105708864,-0.943267829,0.131487082,-2.08107586,2.093367908,-0.651310582,1.175072561,good
206,-4.32795266,-0.870679378,-0.254843673,0.357468703,3.327595177,2.483676106,1.795992671,bad
3553,2.603956055,2.545677995,-4.185818231,2.504195872,-1.037755579,0.750245537,-1.104954734,good
2428,2.361273812,-4.342461422,-0.101835664,0.809679271,-3.099777102,0.738780648,-2.960998466,bad
42,-1.53860666,-2.747844387,1.844950057,0.491249069,-0.425815521,1.25976818,-1.680924092,bad
2595,1.608701278,-0.587791336,0.668510379,-0.745884535,2.742861376,-1.878914842,0.780419902,good
3791,0.20454261,-1.65340003,-1.855745847,1.457668397,-0.627158345,-0.283424189,0.394444344,good
1707,0.522224741,0.652557389,-3.069178119,2.955208455,-1.740692822,-0.725726315,-1.98381094,good
51,-0.411307683,-1.758595285,-2.213864776,-0.149535258,1.576184296,0.929197409,1.416983091,bad
432,-2.073596468,-0.61720748,-0.283296192,0.260547199,2.310436497,0.614734636,-0.518849651,bad
1703,-1.318353125,-3.237418336,2.997671771,2.497222689,3.050363935,-0.659743784,-2.054184632,good
1425,1.392498928,0.86044019,0.232168178,-0.3028558,1.876707053,-1.527275721,0.963957113,good
482,-0.433133928,1.160083648,-2.86300395,1.749072808,0.916485829,1.723569349,1.386487028,good
3298,-0.990224977,-1.667060134,0.310330178,3.65755329,-2.110675284,-2.625004048,-1.822560505,bad
864,-0.633836711,-0.620323598,0.373926443,1.128312738,1.585413416,1.109217091,-1.654340482,good
1788,1.523458153,-2.410580832,-2.873684637,3.166516898,-2.212093213,0.407928158,-0.068995237,good
2068,-1.037962063,-0.10822242,0.629296936,1.424793849,0.333889246,-1.374907117,0.28457265,bad
3629,0.272788302,-1.538869707,-2.661360717,4.816726008,-0.491633217,-1.692431107,-0.53944205,good
2029,-1.571191214,1.181532348,0.985552829,-0.248954062,-0.558787768,0.147129238,-0.450351301,good
133,4.420781942,-2.547671341,-1.756285833,0.901810165,-0.41284149,1.987165436,1.613529813,good
2477,-2.575289541,-1.116979177,0.469161969,0.015458691,-0.703408378,2.295525452,-0.156731288,good
1159,0.494946241,-1.53767335,-0.202694735,1.305193953,-1.376384378,1.4512799,0.825066953,bad
1951,-1.60220322,-2.234048307,-1.445256726,1.421623644,-0.559610859,2.006623105,2.501694047,bad
1920,-0.808597416,-2.067359276,-1.937311274,1.458267589,-1.087282075,-0.425100176,0.460380026,good
2878,-1.543241264,0.492982015,-1.64010629,0.8128365,-1.189101619,2.615443796,1.92667469,bad
3074,-2.286438343,0.771862397,-1.11308864,1.154396271,-2.83075368,-0.429298021,0.170322177,bad
2418,-2.471018449,-1.339784424,0.469024665,0.888401313,2.118278484,-0.761144845,6.184145401,bad
634,5.866231802,0.821114307,-0.592951066,0.768463534,3.050095296,0.684049264,6.70139469,good
1392,0.564728797,-0.27786243,-1.065537198,0.415566208,-0.740539942,1.260898375,0.502034477,bad
2710,1.221014255,-1.226663418,-1.840729955,1.196333107,1.404878588,-0.514063959,1.018572989,bad
563,1.49022105,-1.655205641,0.685512576,3.132370759,-0.668775161,-1.349513577,0.117583669,bad
2870,-2.703039097,0.292112109,0.687527463,0.199698342,0.339277854,-0.806530696,1.32628185,bad
2050,-1.251408171,-0.043487362,0.590500098,0.887160182,1.368709935,-0.614642651,-1.01691619,bad
3084,-1.039616871,-0.016362065,-4.101306009,0.672189527,-2.140563079,2.316941986,-1.013110289,bad
227,-1.052877902,-3.290994071,-4.056301117,-0.709076386,-3.598392202,2.095930648,-6.46098926,bad
1583,-0.719576826,-2.892404685,1.39185627,2.477854337,-1.826026913,-2.792884419,-3.524033097,bad
2290,-0.906691888,-1.319070765,0.114757843,0.699130241,-2.673554112,2.178448915,0.96430594,bad
2982,0.144373555,-1.132383527,-1.56068607,0.501401077,2.256801685,0.900387,1.221682298,bad
2115,-1.804617728,-2.012472882,-2.070452517,0.094962469,4.649714343,1.990744178,4.430772373,bad
515,2.678687381,-2.59593909,-1.562217791,2.313185304,2.159382917,-0.663799304,1.004462732,good
3208,-2.040775186,0.404061766,-2.528924654,0.374761343,3.000332571,2.466241409,-1.267032978,bad
2497,-0.39119099,-1.270441481,1.704472038,2.583216518,2.223766846,0.233357555,-0.293212613,good
3749,-0.809220685,-1.723186461,-0.797727565,1.270493718,-0.506610805,1.296464979,0.00487338,bad
2542,1.706310497,0.234132391,-1.848696182,1.285824473,2.152655411,-0.857855694,0.97422529,bad
2299,1.369183438,1.69474482,-1.294504575,2.304889729,1.021828402,-1.808204095,0.458761382,good
2769,-1.104891315,-1.30633464,0.844941977,0.69425251,2.205707307,1.345144506,-0.358597278,good
1395,0.600361272,-2.856168515,-0.664890351,3.347379949,-3.778628446,-1.612228922,-2.069189399,bad
208,0.944946387,-3.321490816,2.967918114,0.078198691,-0.965456653,2.648436337,-0.502763647,good
2034,-0.620329645,-0.482662727,0.334240027,1.043739421,1.266541038,0.698872155,-2.283013329,good
2172,4.462673691,-1.13273302,0.826322493,-2.59824637,5.461806557,0.313965906,5.91888783,good
3347,0.46606931,-3.221736543,1.024727597,0.863847284,1.310376599,-1.9323726,1.899972028,good
3265,0.630739512,-1.459409967,-1.339418083,1.573397369,0.306651732,-0.922364395,1.300693775,good
137,0.263844265,-2.896271718,-0.157614476,-0.184619255,-2.848897253,0.40465954,-3.04217039,bad
1632,-2.81133353,-0.860926661,2.274014865,3.546890245,-1.607590825,1.637375509,1.438698948,bad
1650,-2.068321741,-1.7498196,-0.158640096,0.016842928,3.373624938,1.660209087,1.054633563,bad
3829,0.273562281,-1.836036424,-0.114427058,1.008318217,-1.009393705,-0.613617322,-2.454533933,bad
160,-3.023822478,-0.847654554,-3.926479139,0.630642487,-3.392707898,4.042267742,-0.760862459,bad
3603,1.114073892,-2.271133682,-1.681154384,0.722807299,3.068057818,-0.745080015,1.782646005,good
1758,3.03e-05,-0.229904137,-2.088644397,2.376522284,-1.024217178,-1.290199875,-1.341074605,bad
1028,-0.986916637,1.650286962,-1.203166514,-0.818641787,0.463659427,0.711011385,-1.655330392,good
1720,1.800419707,-2.447155549,-0.999294678,0.929978776,0.355335496,-0.050020204,0.812995828,good
1593,-2.954991278,0.35585294,1.414665686,0.41328544,1.878840135,-0.873287616,2.723642804,bad
3622,0.635970265,-2.422350494,2.208336835,2.7198782,1.74755085,1.692315625,1.265160783,good
676,0.498815017,-2.074870868,1.062057984,1.53028433,-5.713431338,-2.6299309,-1.451499763,bad
1086,-0.670604021,0.120199857,0.36261192,0.747603899,0.777548867,-2.264454118,4.17939151,bad
2398,-0.356939951,-0.727582841,0.055781956,0.712721677,2.91058714,-0.489938008,1.716681323,bad
3510,-0.815174261,-1.583965323,1.87312307,-0.339978627,1.401494186,-3.250939076,1.070209221,good
2843,-2.199386102,-0.782695666,3.135121136,-1.362509838,0.673479139,0.322644464,-4.534147649,good
3613,-1.389891028,0.861630335,-2.185817492,1.05375497,-0.172354165,1.455256064,-0.87745592,good
3576,-3.023206613,0.462444204,0.017101868,-1.346225188,1.101464221,2.257115818,-0.662106626,bad
960,1.792871307,-3.424825557,-4.087913644,0.102560494,0.122414449,2.330756511,0.914403502,good
1506,0.352827964,-0.855003209,0.468818217,2.70805782,0.53493377,-3.282426351,-0.452462829,good
3100,1.227609491,-3.674724762,1.309667169,3.549786817,1.851212567,1.417438614,0.695032573,good
2193,-2.447816326,0.824679098,0.143270373,1.478978273,1.810475947,-0.340230463,0.671943146,good
376,-1.210442904,-0.713919725,-0.40248465,2.033803971,0.533503547,1.075882717,0.329818384,bad
3336,3.101422304,-1.222490146,-2.181311384,-1.35956461,2.608299255,1.285016017,1.880348648,good
3202,0.412579946,-2.66404476,-3.881718079,2.53518474,-0.854747278,0.09722436,-2.599374036,good
642,-0.151142464,0.150734746,-0.476624112,4.326437218,-3.065631815,0.528821689,-2.130460727,bad
3632,0.622641076,0.47419001,-2.698898228,3.461244864,-3.326205696,3.719800716,-4.061398882,bad
3680,-0.584494482,0.10284819,0.305214564,-0.568384319,2.323589134,-2.502574702,2.618615143,bad
3309,-0.239188058,-0.439061706,1.352598277,0.793295966,0.958103174,-2.876156852,1.689852489,good
2765,-0.248245549,-1.328074399,-3.034864549,0.371972318,-1.285891593,2.161545932,-2.334165601,bad
1609,0.886518631,-1.382907628,-0.347120879,1.943797129,3.759754578,-2.933136212,1.384627576,good
558,-1.307688526,-1.270986511,-1.086201924,0.553726314,1.648048117,1.840484244,-2.141922762,bad
3197,0.068511772,-1.972439511,-0.014677834,-0.372102333,2.473622941,-2.943859767,5.529861296,bad
2389,1.898334792,3.304017185,0.853349209,-1.053534639,1.109547018,-1.162182741,3.306494887,good
2273,-0.580451799,0.400891004,-1.218143758,2.407946088,1.367578742,-2.275824219,2.10991205,good
2257,0.153430601,-2.911247612,-0.817713752,2.134517734,-0.827077744,0.650187965,1.815367793,bad
3226,0.380306875,0.108876671,0.838371949,0.718480356,1.400364119,-2.327666271,2.411086303,good
3363,2.580410309,-0.423082809,-0.919440811,1.972529005,1.552744666,-1.019071533,1.983451961,good
3665,1.509341662,0.870359499,-1.6121142,2.454735384,-0.423508598,-0.724339547,1.93905777,bad
3952,-0.027798756,-1.356070438,0.597771643,1.252840455,-1.418434342,2.632351799,2.000125146,good
3569,1.586819494,-0.821387709,-0.191647112,2.969261308,-3.476637725,-0.9439136,-1.447407664,bad
1029,-3.348767595,-2.208399624,2.573416951,1.359633989,0.872908539,0.62559797,-0.129697828,good
1084,0.594408142,-3.380675888,-0.87782443,0.332210609,-0.773051227,0.042164754,0.168699111,good
598,0.080970577,0.31142236,2.10226489,1.284844839,1.434369092,-3.74036848,1.05090811,bad
295,0.591232458,-0.001954662,1.195557933,1.804635255,-0.309608856,-0.344142716,2.280094899,bad
2301,2.577565777,-2.528509231,-3.644774323,1.892484953,-0.932622601,1.163782653,-2.871391746,bad
38,-1.796718509,-3.469227293,3.685436759,-0.164140623,1.32029846,1.480109529,-2.292964433,good
1938,0.770097512,-2.382820746,-3.306897649,0.374404121,1.982700619,1.93360275,2.626749321,bad
2778,2.026680693,-0.213806362,0.078929027,1.809080541,-1.355478636,-0.637072811,1.770603947,bad
848,-1.09716949,1.375531166,-0.684202183,1.990823744,2.508599359,-3.885317568,0.894076504,good
500,1.668673001,2.704020264,0.352479854,0.105849728,2.0746357,-1.685557031,3.599024519,good
794,0.440484047,0.856486822,-0.27591664,5.279085234,0.014865358,-4.071384356,-1.319501638,good
3560,0.754702846,-3.949926231,3.002987332,2.5136369,-0.005472002,2.332417583,2.453666286,good
3354,-1.794746015,-1.292449618,3.136065157,1.627105628,1.729924501,-0.066158015,-1.032193774,good
3780,0.322860929,-5.367710942,3.757702644,1.314357337,1.851937006,1.386119501,-2.202142041,good
392,0.490259358,-0.285924292,2.282679716,-0.09953192,-0.034051628,-2.245436972,2.124385261,good
385,2.316934752,-1.765646756,-3.142249372,-0.896767346,1.303792751,1.672411791,-0.964795146,good
2616,0.061756939,-0.803275831,-1.585623048,-1.01708716,1.668463696,-1.021758294,2.342807242,bad
3909,-0.209700993,-1.947621542,0.012671175,3.311492442,-2.718006977,2.12284362,-1.851003324,bad
1855,-1.670067081,1.876464913,-0.217710527,1.954178589,-1.336272724,-2.644002999,1.389061921,good
2581,0.791671987,0.139390561,-0.954993855,0.226496149,0.35924481,-0.730098277,-1.217526316,bad
2417,-0.356741809,-0.673466978,-1.597212283,1.021556162,-1.437327751,2.706066625,1.025434143,bad
3895,1.473625522,-0.395561203,-3.009928905,-0.329944666,2.118433517,0.664160929,1.139624355,good
2520,0.564069996,-2.779779628,1.799935614,3.533534541,-2.435675397,-2.803409257,-1.37216003,bad
1859,3.342037409,-2.284113032,0.110330592,1.773785974,2.405384986,-0.989197967,4.127360306,good
1478,2.509913516,0.71684476,0.7430151,0.984577608,4.0270722,-2.279605597,4.300782725,good
3370,-1.500330607,-0.904150693,1.24199596,0.398351775,3.4473747,-0.002771539,-2.383259187,bad
3633,-1.017692212,0.806514438,1.131862001,2.677221643,1.181504985,-0.972329056,2.181118542,bad
869,-0.971714995,-0.202241322,-3.069909226,-0.002042764,-0.516062475,3.160649884,-0.524903868,bad
1820,-2.012448109,2.135046306,0.608812114,2.335046425,2.475038798,-1.401075408,-1.72694203,good
3193,0.053170767,0.091995273,-0.526661359,-0.9193666,-1.425081371,-0.211383357,-0.402743899,good
2579,-1.916705428,-1.773344523,-1.270688433,0.359605912,-0.236985675,2.497780658,-2.045905812,bad
3692,-1.953106039,0.054136648,1.977852311,-0.052252992,-0.707613625,0.808005115,-1.808142083,good
2780,0.987881878,-0.517975231,-1.517746024,1.375478908,0.749637629,0.883371443,-0.792172479,bad
1999,2.415619502,-0.996883024,-3.575635885,-0.327394135,4.083034742,0.964864831,-0.319050723,bad
108,0.137097813,-3.035084729,-0.440600718,1.444977828,-3.824202947,0.85011358,-1.611571284,bad
1104,-0.494747502,0.804189688,0.324040516,0.966438874,-1.883191199,-1.003225751,1.268758457,bad
3004,-1.135602157,-0.873765875,1.304670239,0.872166111,1.667877042,-3.529170331,0.675817641,good
1247,-0.376061069,-0.944397578,-0.505210183,0.504845193,1.79934464,-0.212706483,0.624139036,bad
2410,-0.357997563,-1.005693846,-3.196444009,-0.543331418,3.02135306,3.13821902,-2.585610903,bad
2155,0.602283588,-2.205630506,-0.261152989,1.954799684,3.788698364,-2.59096555,2.892828747,good
1886,-1.596484485,-1.274306977,1.071963468,3.170016773,-4.227575327,0.469194695,0.227169191,bad
912,-0.376141097,-2.257383581,1.172807734,0.572536585,-1.032369809,2.786392233,-0.166934434,good
3641,-2.220093576,2.68953204,-1.360323088,0.375715521,1.110462901,-0.595112325,-1.917976581,good
2103,0.544928791,-2.950038214,-1.560640284,0.391411712,1.89848019,3.018338969,-3.03673955,bad
1781,2.603118161,-1.954613579,1.435782368,-0.31089449,1.320566242,-0.662860194,3.844658129,good
2673,0.927877929,-1.522497351,-0.97823647,3.204149886,-4.756731288,-1.669292761,-0.342965528,bad
1585,-0.997314636,-0.824560065,-0.226440283,-0.146039605,-2.248779595,1.862559821,0.269221416,bad
530,1.843439162,-1.801133155,3.093698905,0.869796886,-1.241769184,-1.456677989,0.489432337,bad
2828,-2.425159961,0.563413967,0.321496544,0.602147515,1.98334138,2.051550788,1.376426937,bad
3795,-0.096732525,-0.778446101,-2.20105976,2.195875295,-0.888499114,0.383811914,-0.70532865,bad
707,-0.199288647,1.212181889,-0.534498781,-0.411726336,1.231652006,-1.202446122,2.823337043,good
1246,1.920036138,-1.658976355,-0.231717694,0.953702873,5.246967751,-2.351152919,2.810378257,good
3346,0.815687537,-0.254575717,-0.123157099,1.929130323,-1.906186176,-1.007350084,-1.478188555,bad
3488,-1.669019235,-3.96971608,-2.343073081,0.689359012,3.32173765,-1.541197505,0.753544133,good
2709,-1.913584646,-0.974392261,3.150878268,1.9294069,1.215521536,0.32102325,1.599886607,bad
2435,0.95705077,-2.953469052,-1.172708707,0.068262349,1.633734443,-0.648335654,-0.575085932,good
1330,0.640770677,-0.811545361,-2.540001339,1.624781008,-1.645219237,0.406578147,-0.932557413,bad
2558,0.350762735,-2.071580562,-1.287068252,2.275608317,-2.036599748,-0.752516495,-2.343132224,bad
782,-2.268585842,-1.789799965,1.445566185,1.056595714,-2.46535745,0.691889291,-0.382318078,bad
3927,-2.012365297,-0.432218919,3.053194361,-2.544461594,0.664259393,0.657216911,-2.045779422,good
3299,1.782690714,0.02849563,0.106592074,2.472595201,-3.302578875,-0.119870931,4.046948428,bad
2761,2.37665299,0.311595955,-2.538913632,2.667336844,-0.340786183,-1.18155394,-0.058448189,bad
2655,-0.585303625,-2.347457288,0.443279128,0.643586138,-1.809371833,2.324649178,-0.426531147,bad
3838,0.222233593,-1.8483876,-3.7765588,-0.177907838,3.329203086,1.71531921,2.67598861,bad
734,-1.557356234,-1.846123803,2.114118329,0.362187895,1.571253465,0.623795348,-0.423856214,good
1610,-0.261997614,-1.733065504,0.465145364,-0.820746842,2.10288224,-2.045359366,4.622510262,bad
1753,0.184761262,-3.141016491,0.97788226,2.190711935,-0.49757596,-0.809477794,-2.814901901,bad
1132,1.533989948,-3.797470264,-0.638919511,1.761017756,-2.654441681,0.764131352,-2.403407092,bad
722,-0.720649579,-2.904340989,2.649370106,1.598382197,1.400860421,1.707681788,-0.396285908,good
63,0.455312607,-2.382895446,-0.83742965,-2.36617514,-0.276460122,0.852335249,-0.031126053,good
1482,0.00094389,1.70223388,0.443003101,1.028749632,1.505714849,-0.345828586,2.545395225,bad
1133,-1.194072842,-1.709236632,1.531268362,0.915136696,0.293435404,0.088832438,-1.294135499,bad
3552,0.455105367,-1.543566207,-2.872292136,0.202123833,-0.633656553,2.558788577,-1.935700362,bad
143,-1.081714895,-0.128446068,0.092911562,2.23528499,-0.550942521,0.300268219,0.638823121,bad
1611,-1.304767554,-0.02806019,0.887654009,1.075128324,1.434487809,1.397107141,1.58151545,bad
2243,-1.595052938,-0.664682467,-0.41832337,0.376891859,-0.02367138,0.316961692,-0.81231003,bad
2974,-1.780331548,-0.647456049,0.921313956,0.190042573,2.566731922,0.032294674,2.274141292,bad
2853,-0.760512555,0.23795763,-1.424751299,2.439841839,-4.126254889,-0.261550781,1.98565023,bad
1890,1.107300303,-0.928860719,-2.560370531,2.852874359,-0.96894183,-0.608932501,-1.203748849,bad
1161,-0.854419598,0.216672266,0.783628193,-0.093935613,1.778851464,-2.469490388,2.544447652,bad
1817,0.096121898,1.553952786,0.934921518,3.383864716,-0.229691752,-1.3285141,1.607589568,bad
743,0.848270123,-0.743180273,-1.524567061,1.043947841,0.51421072,1.169524813,-1.284494762,bad
372,-2.118078341,-2.560854822,-0.797106992,0.323211965,-0.52711028,3.086747997,-2.520334223,bad
1785,1.293642332,-2.039582224,-0.101286708,2.404675631,0.994162946,2.270176274,-0.498427512,good
1006,-0.936155999,0.300120045,-1.943790524,1.196775043,-1.966993862,-0.662338652,-0.651472669,good
1530,-0.313170015,-2.375774774,-0.550606494,2.367698655,1.464699381,-2.760225318,-1.383503368,good
3985,-0.230550165,-0.669955966,-1.896049211,0.657545411,1.843633558,0.473194498,1.461085428,bad
2173,2.069823748,-1.987112469,-2.658363796,2.204464118,0.340968413,0.276198288,1.030098094,good
1481,-1.40752161,2.415863829,-1.303114913,0.644398206,0.429835812,-2.178706149,0.308139392,good
2847,2.064117837,-4.181554606,-1.656819393,1.348299104,4.151840691,-1.150041913,-0.236998031,good
3907,-0.293773136,0.869154498,1.287190206,2.849382016,-0.395348687,-1.77450483,2.77301531,bad
1708,-2.855780853,0.559337297,1.783926357,-1.089256282,0.051906708,1.38053827,1.04606777,bad
441,-0.874152709,-2.635009936,-0.840066474,2.754217591,-4.90106902,-0.155717331,-1.290563234,bad
2022,3.733160751,-2.630307377,1.514313925,1.711900122,-1.678539879,-1.706189996,-0.510457242,bad
1872,1.220268937,-1.813114807,-2.825256849,0.593481841,2.364036453,2.256644676,-0.550468315,bad
203,-2.840872316,0.358602795,-3.130451219,-0.184855661,-0.047626658,4.057415096,-0.157130678,bad
3693,2.120291411,-1.063668331,1.514873772,0.452446875,2.315999673,-0.230587543,-0.155481559,bad
1305,-4.772980861,0.872814889,4.008526488,3.183734517,-1.402376247,-1.918002631,2.771449533,bad
2030,-4.805460859,2.313634942,0.755489388,-0.768511423,1.505760167,-1.124245389,-2.428275981,good
3467,-4.629581846,1.84244686,2.013980763,1.900180201,2.086668914,0.115892843,1.557792118,bad
3115,1.171829745,-3.135742221,-1.320855654,2.381893526,-1.079496598,-0.389709916,-0.445502635,good
2248,-1.885163654,-1.8792915,-2.436200191,-0.25342798,1.921175237,4.025957709,-2.545404117,bad
2515,2.224915764,-2.243440034,0.864767382,1.071480331,1.449131363,-1.468721719,2.603010577,good
2313,3.818402753,0.020783241,-1.556678005,-0.553346779,3.331979805,0.277485971,1.639280607,good
3605,-3.113513623,0.534318213,-0.359147815,1.460500509,2.077844049,-0.118129916,-1.141635635,good
1105,0.825969108,-0.792048053,-0.502043042,-0.562489375,0.721549216,-0.098617443,2.836815744,good
2027,3.026625103,-0.767462689,-3.016153344,-0.285969415,1.866202582,1.471523116,0.432627179,good
3007,-4.11818047,-0.231651036,2.236190904,1.49520591,1.875913134,0.036226784,3.725119774,bad
3142,2.251661897,-0.299250566,-3.06256487,1.72335758,-2.278453851,1.162821096,-0.603548753,good
1266,-2.010945208,-1.426565514,-2.334610277,1.302376408,0.142686651,3.922958823,0.01769468,bad
2197,0.905023916,-0.614958583,-0.252101135,0.612676885,2.457078051,0.052657308,-2.492708194,bad
1338,-2.385352947,-2.36724487,-1.600529747,1.851128593,1.759377024,1.508037366,-3.873112715,bad
2927,-0.14127596,-2.128509614,1.300520345,0.393948595,-0.505539817,2.69004293,0.637151688,good
2026,-1.783655783,-2.933478072,0.276863915,0.284644285,2.387229867,1.772527081,1.186414598,bad
1756,-2.160043171,-0.505209918,-1.273400685,2.283967672,0.429886097,1.64634029,1.663726188,bad
1875,-0.725286868,-1.136469159,2.66969567,0.498299799,-0.522519814,1.709943818,1.137425853,good
1898,-1.06419107,0.055564833,-0.860756943,1.717759311,-3.339802012,0.907996772,1.943418859,bad
2338,1.557779791,-3.556247763,2.209099677,1.185904198,0.982664799,1.779666477,-0.540070346,good
1428,0.723747234,0.4138458,-1.1858082,2.168187369,-0.420856453,0.351338811,1.83351112,bad
2044,-3.869670838,0.548425831,-2.411873823,-0.3381157,1.52193191,2.496692233,-2.423093249,bad
1128,-1.026338398,-0.071890632,-1.448020317,-0.333519852,1.673629351,3.022588193,-0.325436857,bad
270,0.410513623,-1.073639887,0.217295221,1.095006769,-1.446178928,2.216869264,0.727058624,good
2494,-2.23413679,-1.630199822,3.310193206,-0.785073248,1.086112461,0.695695002,-0.981738246,good
3390,2.710365885,-3.154629709,1.466312047,1.891385981,-0.477822768,2.852518549,-0.033737529,good
202,1.10364773,-3.016143154,2.019128766,1.746410622,2.761662424,-3.302013877,2.874555906,good
935,-1.904698829,-2.763748946,1.204186724,2.444800877,-0.761010968,-0.591908381,-2.350263746,bad
2979,-2.856191274,-2.552692157,-0.497950342,0.362994334,0.807355535,2.796973978,-3.253214826,bad
2810,-1.952355837,-2.334649835,1.009871062,1.460250188,1.372605121,1.579299527,0.021318706,bad
2148,0.094281584,1.041114399,-0.610460957,1.28456932,1.107153344,-2.003501488,2.872205132,bad
2046,-2.14046881,-1.472739328,-0.545664344,1.372053319,0.662564224,1.266806589,3.604772068,bad
129,-1.162845918,-1.416945478,0.440112947,2.653944392,-0.095678282,-0.95044423,3.145872884,bad
3794,-2.514741907,-1.150967215,-1.492608484,0.349839524,0.894063903,1.833297397,-2.645657128,bad
3020,-2.323340528,-2.585398763,1.307611767,1.118135737,1.429309401,-0.19873985,-3.861990488,bad
2459,1.01550103,-0.302487386,-0.046176882,-1.037176834,0.028679152,-0.713654382,-0.662878148,good
1779,-1.426836438,-2.892326756,3.119169951,1.54644751,2.53180314,0.741325051,-2.178295845,good
1285,-1.169834796,-1.054397188,-2.571268393,-0.645487584,-1.24591269,0.890230256,-3.801992201,good
465,0.860114522,-2.553857103,-0.137817542,4.25728969,-0.791552681,-2.399829141,-0.069879417,good
3128,-2.667137449,-2.424014822,3.665266986,-0.208855461,1.162848742,1.022678472,0.091921632,good
2608,-1.356045747,0.470946074,-1.195249891,1.112279503,2.172755959,0.780758163,2.00555776,bad
2917,-0.287924088,-0.075252157,0.036819636,0.33675982,-0.891504187,1.81420226,-1.684387471,good
92,-0.691713124,-2.431340292,-0.909663545,2.428320647,0.242079363,2.313575569,1.285942944,bad
3942,1.720092375,-2.285385801,0.445000382,1.092621468,0.218134453,2.803852637,0.629891589,good
753,1.402216543,-4.937309888,2.706025183,2.238135063,1.93797382,2.651331793,0.988540998,good
2908,-2.06053441,-4.255527986,5.669086632,0.970850075,0.330087838,1.532844721,-0.13201002,good
1155,-2.771410565,-1.084593023,-1.723839233,1.382400517,0.189274049,3.654687122,0.308340666,bad
3884,-1.776424095,-2.410730993,0.27858067,1.367673757,-0.299050681,1.690608271,0.856356498,bad
2434,-1.489842526,-1.990071707,1.764041148,0.58046067,2.079105366,0.359361502,-2.150778123,good
3504,-0.404798455,-0.636124161,0.06807139,-0.015310001,1.739165413,1.090845027,-1.382849117,good
2041,-4.41894622,-3.257060307,-0.880693783,-2.073271551,-1.332738442,5.917885993,-3.508051832,bad
2884,-2.055701095,-0.88682165,0.316995082,-0.099158061,2.278045336,0.575159103,0.916157533,bad
3237,-0.553682125,-3.900723508,2.999135979,1.919043877,2.033281757,1.609727498,-0.3529432,good
3532,-1.497277787,0.167397703,-0.421731488,1.385036147,2.062775629,0.220939013,-1.228239389,good
849,-3.248587388,2.638634814,0.46550767,-0.361372738,1.424206367,-1.778394318,-3.425881972,good
324,4.524771537,-0.524202989,-3.870149321,3.056191989,0.058291732,1.012686692,-1.231954325,good
2241,-1.663651228,-3.591539416,1.790161184,2.841503045,2.26001839,1.567303348,0.090837087,good
1186,0.849494925,-0.231710566,0.936645736,-0.873354652,2.426435683,-1.888175042,2.810348673,good
3779,-2.527668055,-1.44366874,-1.11415722,0.564731146,2.51756553,0.957988331,3.612062408,bad
845,-1.55343846,0.657055442,-2.956942332,-0.160108301,1.891135484,2.784584769,-0.751640827,bad
3602,0.57383796,-4.604309375,3.498755063,2.549497954,0.11755595,2.629807952,3.744711358,good
3444,-0.353194548,-2.949073284,2.293178644,3.880526412,3.054124893,0.709941597,2.608796602,good
2911,0.713085137,-3.185594049,0.603498843,-1.920696455,2.371604505,-0.898035432,1.384495608,good
1089,-0.485196417,-1.877842119,-2.113867975,1.76185163,-1.611475075,3.14897555,-3.000289432,bad
2242,-1.023914397,-0.188001819,-0.70255069,1.617376553,0.82200077,1.032570792,-0.911224331,good
1124,-4.84440481,-1.635109497,1.935689924,-1.317277191,0.573537376,1.535545214,-3.416156974,bad
2136,-1.150426728,-0.459379092,0.634940734,0.776135455,1.55747963,0.489847356,-2.073924429,good
168,2.21434852,-0.029326384,-1.643311119,3.375367909,-0.310931919,-0.733331668,1.010299062,good
2481,2.553493039,-2.578302191,-4.589803874,2.582137069,1.103382875,0.641198167,-2.475505407,good
2471,0.360315367,-1.634016238,0.579626462,1.722726658,1.168219575,-2.137873658,3.422270784,good
2767,-2.596229438,0.62915345,2.885897542,1.54810316,-1.400055584,-2.251373139,1.496261501,bad
3882,-3.200794437,1.613492755,0.498759498,2.181400834,2.592380788,-1.749473011,-1.22320905,good
3221,-1.464082644,-1.08526294,0.18652151,1.252295225,1.600383669,1.473976677,-1.336576589,good
2549,0.715230375,2.700856817,-2.780518,-1.566420399,1.023802344,0.191156274,0.186521133,good
723,1.581152669,-0.652555081,0.136983833,1.07289981,1.856107235,0.923460762,-2.343748011,good
2627,0.606504135,-1.40163755,0.591586629,2.286335458,-1.93895724,-1.264718959,-0.052342248,bad
2600,-1.75716491,-2.31129034,-1.709096244,2.053674951,-1.920119955,1.21134783,-2.556911326,bad
2210,-4.780676626,2.519171413,-3.199009274,0.0497139,-1.396157619,0.646605119,-0.525431727,bad
3902,-1.491407089,-0.242111524,1.035068389,0.624942738,0.357391778,0.521532381,-1.182859869,good
2438,-0.888894506,-3.28406226,-1.954676321,1.166088688,1.860967874,1.806807734,3.612383361,bad
724,-0.660915959,-0.443474622,1.671432856,-1.576264045,-0.472510434,1.373037521,-4.224755889,good
3215,1.575849676,-3.005397619,-1.126534128,-0.195179725,3.094803083,-0.377437955,1.704576907,good
95,1.372602617,-0.81619118,-1.138033248,1.948956568,-0.222231916,-0.561915322,1.65215817,good
2665,-1.66697223,-1.631098312,2.358814663,0.38298306,3.665320363,-0.897723351,-4.36005947,good
1109,0.778994359,-0.637063547,0.730897764,-0.062357364,1.016756745,-1.478821657,2.548896236,good
2160,0.155221377,-0.735737747,-1.377105771,3.192885018,-2.946156176,-1.046913021,-0.594522307,good
1138,-2.4691398,-0.795279218,1.931252852,3.513257988,-1.470258015,1.327658116,-1.192430581,bad
2774,1.749176832,-0.672324422,-0.639735903,-0.443876638,0.465552996,-0.323229953,0.215333082,good
1157,0.107725382,1.736155689,-0.756676824,0.161797373,-1.477467932,1.782699508,0.579767371,good
448,-2.589398833,-1.424490895,-4.390652197,0.867853308,-0.138382531,4.138384523,-2.80256109,bad
2176,-0.768129713,-2.104779279,-0.490160386,2.695262197,1.602198559,1.898814361,-1.414392056,good
322,2.646115435,-0.449973403,-4.573946451,-0.045237912,3.849044966,1.139323078,-0.488345281,bad
3388,-3.976065026,1.519029724,4.208563446,2.346196559,-1.682359749,-3.42771715,1.365203893,bad
3075,-1.942924689,-2.666441058,0.551535064,0.272452441,-2.045806745,-1.015649935,-4.813463009,bad
774,1.05884278,-0.079005564,-1.543831562,-0.550619715,0.442155252,0.086762188,0.317555935,good
3255,1.015947119,-0.755656545,-1.786810652,-0.04278171,-0.907030084,1.561819278,-0.928323609,bad
2956,0.694164172,-1.004000131,-3.455092489,0.233819931,-2.242384067,1.982474766,-1.465539339,bad
780,-0.840793436,-3.72039621,2.913149836,1.528257646,0.079635041,1.955687623,-0.539101247,good
2015,0.476744887,-2.931690827,-0.319191238,0.730416528,-2.869795993,-0.001725056,-3.048404145,bad
3663,0.100569417,0.900246265,2.325549817,-0.766839854,0.071170194,-2.250446879,2.624366428,good
1313,-2.232346534,-3.122776695,-0.050881384,1.844093064,-1.606846371,1.514639958,-2.556006369,bad
3210,-1.837120181,-0.029495946,1.403076051,1.582249104,-1.206133615,-1.79449251,3.201419042,bad
3090,-1.816202449,-4.419484591,1.372594536,-1.497221493,-1.301357488,1.843783417,-5.537818992,bad
1922,1.457466741,-0.466283976,-2.339907598,1.003581518,-1.391224328,-0.64749794,-1.618798405,bad
594,-1.263806137,0.399645379,1.686488994,0.322649272,0.43191545,-1.133985409,-0.067312574,bad
1861,0.031080427,-0.643967906,1.847419978,-1.506947344,-3.034203599,2.031735228,-0.312796419,good
2748,1.255845228,0.005443821,-0.64528722,2.248842885,-0.178882617,-1.553498766,1.475863572,good
3596,-4.007358605,-0.484425035,2.723683461,-0.280017443,2.485075121,-0.996605882,-2.101646699,good
1740,0.332102466,-2.729037671,-0.213952988,2.39289618,0.282412985,-2.144786881,-0.154609697,good
3648,-0.721063355,-0.848216366,-0.70666115,0.802175979,-0.381319625,-0.545139919,2.069509514,bad
483,0.481432072,-3.028141906,-1.226663007,2.706391965,-0.004012364,-1.45507945,0.744692034,good
2954,1.799464848,-1.364421423,-2.53351381,0.160649853,-1.398444131,1.679530599,0.411447337,good
119,-0.591987065,-2.618652027,-1.073478951,1.114681034,-2.536374537,1.75475805,-1.660639485,bad
3729,-3.437177757,-1.405760077,2.515929794,3.015666233,3.270542649,-1.040078983,0.474794991,good
1277,0.658433094,-4.707898013,3.752267343,2.719399319,1.210549273,2.382507534,2.008429932,good
3175,2.474217748,-1.652325149,-2.023091956,3.127407667,1.851059017,-1.063566604,0.518813987,good
1874,-4.853268227,-2.793570585,0.327410962,1.266214174,0.385904439,4.801720338,0.284448495,bad
3973,5.865860535,-6.010559195,0.246080599,4.507715479,-1.041609382,5.309622223,3.285412981,good
1896,-2.72714668,-0.44895901,-0.198944468,0.39950337,2.692264477,0.666869346,0.685408528,bad
3061,-0.828269298,-0.934683129,1.727538999,1.04027539,1.970687196,0.529514361,0.062215535,good
2567,-3.807731577,2.309319428,-2.20367471,-2.592027885,0.670451836,3.466577803,-0.021751811,bad
2018,-1.557786409,-1.471138953,-1.669224586,0.306207078,2.125749174,3.335779504,-0.649064514,bad
2507,-5.611043907,-0.344937211,4.425245767,-2.054761838,1.751755765,-0.490479762,-1.793667469,good
3685,0.470831799,-1.473399053,-0.297608983,1.097209351,-1.543419789,-0.705121171,-0.035106956,good
2800,-1.753453784,0.629234835,-2.169275936,0.764851997,-2.370737863,1.337090744,0.624239782,bad
2246,-3.313885981,1.260442573,-0.621122397,2.027986009,0.197601923,2.643055659,-2.602720262,bad
1985,-1.94241768,-2.252908158,2.652565522,1.338927362,0.105913933,1.463175231,1.454577903,good
3441,2.075256662,-3.401850097,0.605650469,1.938238152,-3.454098722,0.419333481,-0.598258687,bad
2191,2.808188683,-1.000027757,-1.398065291,0.684466748,2.944581007,-0.606885097,1.560880955,good
1265,2.186339974,-3.293704363,1.588691737,1.505508212,3.936304874,-3.002240753,2.657543409,good
2932,-3.253768117,3.522322241,-1.88561802,-0.162816157,-1.713751688,-1.54848462,-0.190202595,good
2606,-4.103053877,-1.490509462,-0.335211316,-1.590208284,0.767232689,4.164601849,-2.309132459,bad
2364,0.507763126,-1.522654059,-0.585707825,1.680467214,-0.628317574,-0.934870838,1.078184946,good
3955,-4.960450671,0.699910542,2.862231639,-3.674746202,-0.028948556,0.194216569,-3.726145619,good
1789,-2.073199792,0.370725342,0.777676698,2.707973045,2.997236992,-1.189757982,-0.803958746,good
457,-1.210003555,-2.270447735,-0.879412219,1.409105891,-4.924983202,1.131312427,-0.837065778,bad
2351,1.254202064,0.620343539,-0.987542059,2.381111335,0.657659364,-1.376908057,2.114409958,good
1360,-4.773874748,-1.035044745,-0.469371164,1.979014437,-1.245770838,3.65574391,0.810334873,bad
1244,-2.134249264,-4.316107365,3.24381243,1.289540401,1.392813726,1.418498995,-0.393146676,good
268,-1.552466494,-1.353629812,0.298420776,-0.168358839,0.833207548,3.279510221,-0.153170021,bad
2108,-0.999039073,-1.540049412,2.157181236,1.558691565,0.678530472,0.748516402,-1.356950956,good
2799,0.10105216,-1.292082993,0.417547469,-0.14702359,-0.97054486,2.924056759,0.884102443,good
1803,-0.422640191,-2.981419229,0.406089489,1.85145783,-0.510655502,1.419849699,-1.339717006,bad
2988,3.481999667,-1.924882251,-0.710062507,1.854320847,7.148501831,-2.243854771,3.812018328,good
1947,3.710401867,-3.067326329,-3.067985635,1.92886455,1.906900786,1.027754946,1.385611637,good
1204,-1.423881415,-1.866378319,1.357553122,1.830047321,3.360871926,-0.07231072,-2.371781666,good
1666,-2.136025711,-0.333469256,0.332259225,1.535165591,1.590917482,1.204228027,3.03179765,good
23,0.135714199,-0.753756857,-2.196146456,1.039276088,0.580537553,0.227308777,2.086618541,bad
2057,-2.618685883,1.933378029,-0.681005397,2.04693777,2.018627533,-1.169149912,-2.486120112,good
804,-0.276871875,-1.280344096,1.377729536,-0.607729727,-1.349679892,2.68824004,-0.058599695,good
649,-2.680440382,-1.602862269,3.767627827,2.126078446,1.824476372,-0.49585143,1.132168505,good
2759,1.552914456,1.914401426,-0.931410707,-0.51281541,-0.58744716,0.112721441,0.555947812,good
2815,-1.430202691,-0.353527133,-1.673227033,2.660191674,2.68245961,0.513453765,-0.709236896,good
3609,2.279107225,-1.47381281,3.693300597,2.536903597,-2.612736677,-3.778314189,1.225941103,bad
3631,0.75061813,-1.306562315,-1.718822411,0.304773748,1.202893956,1.308207843,-1.839709536,bad
410,-0.408477449,-1.150193475,-3.031133799,0.843984736,-2.318130839,2.477412639,-1.101446241,bad
333,-1.904318739,-1.998720664,0.949570545,1.572483221,-2.15011756,-0.628305308,-1.781651819,bad
2864,1.968869205,1.103662593,-0.25558784,-1.246330559,3.626940193,-1.003571468,2.647722423,good
2656,-0.925755773,-0.249644664,-3.634604593,-1.078348159,-1.036011577,3.403558379,-1.562123182,bad
2926,1.187340066,1.868356455,-1.185188933,2.53491116,-2.575976826,-0.946360378,-0.70515812,good
1177,-2.123387247,-1.689084779,2.824587542,-1.330052936,0.955951345,0.772548294,-4.125685106,good
3439,1.436725811,-2.447958837,-3.377979455,4.135873123,0.515781266,-0.593262919,-0.588996732,good
1339,0.612499007,-3.35327247,-0.63600578,1.037674781,1.838078909,-1.629854576,-0.08899782,good
1838,-3.736978253,-1.246626967,3.959404232,-0.160639441,2.053188187,-0.68160204,-2.686256143,good
2260,0.471371607,1.959783857,-2.666020604,1.536069896,-1.871499074,-0.872589878,1.634416382,bad
1492,0.907105198,-2.208105266,-0.161920836,3.072572009,-0.768488237,-1.668297343,1.035643365,good
1192,1.992301632,-1.20986274,-3.084440351,1.114768544,-0.131166655,0.804791626,-1.071621924,bad
2074,0.876894343,-0.900903692,0.373229025,1.062839806,-3.230269148,-1.771602296,-0.550514699,bad
3228,-2.837173607,-2.763326529,-1.404539288,1.496063439,0.213663126,3.894982726,2.454228211,bad
3212,0.69877107,-3.183903344,-0.960171707,0.062462647,3.003148355,-0.560868607,3.56533263,good
2230,-0.882113631,-0.63021827,-2.350978847,1.094072107,-2.922814821,0.701124631,-1.187544333,bad
1041,-2.055776172,-3.355322872,3.554301882,0.904296776,2.368481362,0.393883593,-0.083337968,good
601,1.615052907,0.845144281,-4.460741756,0.864101461,-0.770955855,1.905377569,-0.008136378,good
1823,-0.76823923,-3.839826193,1.087208558,-0.104708352,4.047186062,-3.135206662,1.054380314,good
1766,-3.129467133,0.198630605,-1.236848218,-0.61912146,2.883331224,3.427419082,-1.085596232,bad
906,1.157303066,-1.667305035,-3.93396393,4.061074114,-3.066174072,-0.020476977,-1.101755862,bad
0,-3.970048523,-2.512336381,5.346329613,-1.012008712,1.844900361,0.329839797,-0.491590483,good
3946,-2.045340309,-0.586203249,0.02598163,0.367013151,-0.393658943,-2.431758417,0.008339593,good
1744,-1.801161364,-0.692103901,-0.447486874,2.021364463,0.690526983,1.620998537,2.391349211,good
3464,2.423321078,-1.459900893,-1.577347568,2.604710659,1.65303434,1.451204541,-2.577715569,good
1218,2.960961276,-4.550052075,-2.840140176,1.502720079,3.757409404,0.12866682,0.673818582,good
3424,1.96138735,0.264947575,-0.644897756,-2.205584035,0.422660606,1.258367249,3.301476164,good
3643,-0.491633391,-0.602562968,-0.206738132,0.906869069,2.235162841,-0.902593416,2.926372989,bad
3275,-4.867346303,0.787896149,2.401825865,1.564185906,2.832052337,-1.905370564,-0.953665479,good
1449,-1.018401924,-1.233883416,-0.711807877,2.214152306,0.950604271,1.256525443,-0.574108525,good
2220,-2.436002313,0.084055928,0.222926103,1.398836725,-1.796494906,-2.587192294,0.362517495,good
1264,-3.002992312,0.326187401,2.896864953,1.361348516,2.667803878,-1.389377271,-1.737783398,good
1115,-2.361152461,-1.056803639,-0.478045687,-0.022595107,0.122593363,2.110887484,-1.569037068,bad
3958,-1.582480472,-2.206160865,1.475552825,1.142721272,0.381445883,1.679163334,-0.941217156,good
2119,-2.900552504,-2.392043352,4.162221352,0.97391202,1.28531825,0.319056379,0.10671871,good
735,-1.252079173,0.379558653,0.630378058,0.895983698,1.815175987,0.584135752,-0.773422808,good
2404,-2.805629847,1.604092471,-1.037827781,0.439611628,0.755683378,1.448853287,1.313167949,bad
2460,-1.204352153,-2.990568901,-2.339026072,-1.368078407,1.068931692,4.645671754,-4.559664683,bad
316,-0.425371533,1.238848345,-1.335193504,1.940137118,1.96648374,0.104978381,-1.922671396,good
1864,0.461166435,-4.701976672,2.272194501,1.433700395,1.235319076,2.790819079,0.700071292,good
3811,-3.08123331,-2.236942974,-2.437816625,-0.298787447,1.061382849,2.217881049,-5.795137698,bad
3801,-2.009013362,-0.613284173,-0.779701197,0.525293507,0.125646678,-0.336268755,2.476398328,bad
3531,1.454808067,0.200337446,-0.17407341,1.788338913,-2.639062935,-0.416706072,2.492781622,bad
1807,0.592633699,-1.984234579,2.066481712,2.263876936,1.231236694,0.931218678,-0.505211353,good
1090,-1.378022157,1.90702285,1.20275617,-2.17723267,-1.450805887,1.139070715,-1.626797333,good
3689,-1.963238766,-2.639898991,4.052054785,1.515137929,2.180870107,0.392693765,-0.624850579,good
3661,-1.90216306,0.976375539,0.732034303,3.480407749,0.267570026,-4.607841104,1.234749952,good
2593,-0.368583457,0.003772235,0.011040448,1.47614631,1.313983659,1.041264209,-0.679285685,good
3196,-2.156863512,-1.655429484,0.680629957,1.499034768,0.346764852,0.507208319,1.584665032,bad
1049,1.330044421,-0.790754642,-1.283551417,3.536156118,-5.814307615,-2.079250298,1.387407917,bad
442,-1.768985907,-0.338156799,0.815394537,-0.435690131,3.506835034,-0.749377068,-4.42166643,good
1808,-3.228958413,0.813326753,0.611730891,0.056863426,2.024405192,-0.947051823,-3.556199706,good
3821,3.024898212,-1.870915316,-2.666318436,2.286341421,-3.604326932,0.735994713,-0.059952688,bad
2464,-1.333465549,1.199731984,0.653672907,4.696968221,-3.447246668,0.897324134,-2.35095113,bad
3642,-3.310745467,-1.037640479,2.353780305,0.800274858,3.369074275,-1.398208439,-4.108894568,good
2399,-1.684840454,-1.540054904,-0.799606503,-0.265964055,-1.376355632,2.981055391,-1.0954011,bad
3715,-0.809684774,1.444030595,-0.324452387,1.117037848,0.095019232,1.449867422,3.207720704,bad
692,-0.869662383,1.294127375,-0.16270057,-1.738675991,-0.204100301,1.251897627,-3.280269971,good
2355,-0.520723107,-0.746561488,-0.916918909,1.186931888,0.057479025,-0.093299852,0.777769952,bad
513,-0.549889843,0.101255741,-0.818701575,-0.294353768,-0.463337122,-0.14580505,-1.346727343,bad
3805,-1.602150945,-1.971601056,2.043227853,0.756992643,1.115051183,-4.246162504,-0.758083109,good
3154,-1.426120129,-1.06855557,-2.153527392,0.136551316,0.738103075,1.961176751,-2.75899695,bad
1261,1.268523832,0.161453626,-2.579152194,1.978972953,0.842068738,-0.609096373,0.625345629,good
3108,-1.580284349,-1.469831421,-2.009756274,1.441788998,-0.025480273,2.612828238,0.159467205,bad
2451,-1.066491955,-3.484318641,4.131262237,1.853618216,0.532620492,1.66123407,1.014805472,good
2524,-1.112851311,-0.152395051,-0.009340797,1.346304515,1.854070422,0.413477094,-2.068531974,good
3389,-1.130138878,-0.988284098,0.344526381,2.21446473,1.396547634,0.169952806,-0.575898292,bad
2934,-1.023890666,1.941008581,0.506051235,0.568196481,0.178839711,-2.995350073,0.187428908,good
628,-3.419253835,-1.897853228,4.162393976,-0.593183013,0.371964909,1.024138408,0.195606576,good
3733,1.020575034,-1.799720044,-1.452263597,0.953467183,-0.154009436,-0.217949376,2.386965287,bad
3001,-0.216490187,-2.312652825,1.232708765,-1.108093409,3.147309857,-2.334935254,2.168927943,good
303,2.668150812,-3.916033867,-0.074912656,-0.712558109,1.17774678,0.093916719,-0.328378522,good
3051,1.077181951,0.462732953,-1.798955292,2.054467899,-0.548000715,-0.059185166,-2.032169189,bad
2875,5.22538346,-0.747052368,-5.052945293,-0.372263378,2.17865809,-0.819289591,-0.747989889,good
2006,-3.65522619,0.5573377,-0.326562959,2.16042424,5.027975868,-1.980610936,-2.03105815,good
1135,2.77831595,-0.401484536,-2.266670106,2.092095265,2.563267927,-0.756643897,0.098645604,good
1471,3.143162816,-0.251827702,0.488277855,2.358740612,-3.11179195,-2.954760687,1.556972107,bad
1936,-2.222192932,0.251996152,-1.296072559,0.039530485,-2.122166717,2.181627433,0.701928115,bad
47,-1.387990181,2.738510761,-2.349216852,0.953438489,1.860715718,2.317309906,3.097818375,bad
2099,-1.670721247,0.251100055,0.771103177,1.526792313,1.648838014,0.696441213,-1.139213205,good
2991,-2.508891821,-2.843436455,-0.848363049,-0.48335174,-0.095336897,5.111046105,-1.805347812,bad
1324,0.629956933,0.855606579,-1.274190231,0.353618557,0.396443633,-0.204333623,0.17363913,bad
2536,-0.248328218,-3.789381244,1.049442199,0.271034095,5.363391435,-3.462028922,2.419515928,good
693,1.24266519,-0.751111876,-0.700876587,-1.034104041,-0.033264225,-0.610697517,-2.121538832,good
2215,-1.141674539,-0.795050543,-0.041325635,0.738604119,-1.396352229,0.458395341,-0.641906912,bad
3580,-4.764191786,-0.975257687,2.647538872,0.868845074,2.435195552,0.402740146,5.189715685,bad
1258,-0.08325034,1.301996952,-0.898784538,2.049603751,-0.783071377,0.722670661,-4.496095477,bad
968,1.908380532,-2.776327562,-0.202382062,-0.80345759,3.120930176,-0.827356878,1.30054503,good
1674,-1.132557682,-0.462099742,-2.043910543,1.561229857,-3.717128152,0.492360966,-0.201099027,bad
2509,2.018030556,0.3970603,-2.599518994,0.869264332,0.053678583,0.243393778,-0.19350131,bad
3905,-1.836298586,-1.284445191,-3.519239182,-0.571404057,2.196490274,4.416652088,-3.234934565,bad
3799,3.866611648,-2.034549033,-3.63381768,2.76746813,1.922665704,1.212040959,2.9637063,good
3509,0.693422035,-1.43505133,0.701308156,2.3008216,0.60385951,1.567164684,-0.442167341,good
1952,0.037374976,1.389835944,-0.244111061,1.486668936,-2.871368047,-1.437053498,-0.353434952,good
3759,-0.198065696,-2.931482113,1.747093023,1.67128892,-0.899779724,2.699313994,0.017095758,good
3014,-2.628374277,-0.115458273,0.198702216,-0.069106551,-1.117299703,2.095307617,0.630104364,bad
3045,0.923390881,-0.887100649,-1.802853232,1.918978558,-0.357687583,0.555588822,-0.37351141,bad
1790,0.055567262,-1.130158316,0.85966381,-0.873011351,-2.056165833,3.049187923,-1.219637157,good
2341,4.303296779,0.103930716,-1.804378149,4.803848062,3.562605279,-1.893925123,2.502066301,good
1017,1.387968335,-2.540032008,-2.849653633,1.081977146,0.342861974,1.916185582,0.62809646,bad
1755,-0.743543311,-1.028851975,2.253638293,2.018447413,2.829770374,0.287871486,-1.049762868,good
1126,-0.012767581,-1.84302722,0.336217951,1.946008032,0.272622813,0.597072678,-0.771769254,bad
2837,2.458185359,-4.209635871,1.395269049,3.854351219,0.293080792,3.026759573,3.598619133,good
616,1.701191016,-0.242767287,-1.610198674,2.587950003,-1.843152643,-0.286344514,1.402366123,bad
155,-3.918492,-0.289518756,2.678073186,-1.298396226,0.766755063,0.360116105,-2.206017085,good
2674,-0.553000097,0.514036645,-0.753822328,2.303533113,1.941922605,-0.348784464,-0.280116277,good
3099,0.15635328,0.425773797,0.141581213,1.075482472,1.56633572,-1.886997052,1.403469653,bad
3764,-1.41249269,-0.537853126,-1.250144013,1.294042531,-2.746996856,-1.128404191,-1.526119857,good
1801,-4.844429971,-2.435424135,1.552625496,0.886908126,1.608386216,3.573677573,0.851873006,bad
2716,-1.620584591,1.691548144,-0.562236282,-0.845821479,0.363113595,3.738410337,3.620053885,bad
1486,2.713947758,0.010542628,-1.467580504,1.940686531,-0.194521194,-0.310921022,1.148905922,bad
417,3.850328161,2.174361026,1.590183834,0.74911099,1.432184459,-1.270216706,5.000494671,good
3612,0.040254695,0.300565385,-0.588036422,0.791711163,0.969212542,-0.987202915,-0.944209504,bad
1648,1.056632045,-0.393910505,-5.484366741,2.009062682,0.46374277,5.230216662,-3.488597892,bad
3164,3.927184506,-3.192721652,-2.852995757,6.475084353,0.787669698,-0.907340902,0.724561237,good
3810,-0.822587647,-2.483765037,3.494825892,-0.035912548,0.914803081,0.455803824,-1.747239147,good
1710,-1.4822705,-2.75378867,2.07181155,2.422086558,2.499518114,0.839187011,1.966674682,good
776,1.147448359,1.961559391,-1.586544987,2.511214433,-1.274645856,-0.784790247,1.330072744,good
2582,-2.974325409,-2.772155423,1.239100894,1.534510151,-2.63201334,0.51814294,-1.885500472,bad
153,-3.807691336,0.218192462,1.47690846,-0.015662125,3.141111879,0.216348362,3.133728152,bad
1103,-2.402892717,-2.019973119,-2.540682943,0.670432423,0.182995281,2.845023369,-3.534843901,bad
2906,-1.560403788,-2.797303142,0.043262581,-0.504761725,0.400119861,1.698181578,-4.188652551,bad
3555,1.06497889,0.340353483,-1.156282542,-0.912400379,2.538195287,-0.831589934,0.173653987,good
502,-3.317158516,0.105307039,3.542140946,2.550256949,-2.113224155,-3.586287805,5.305217658,bad
2809,0.559662917,-0.927132109,0.569996434,1.700896234,1.014271289,-2.229155498,2.138542689,good
2811,-0.213439303,1.35531185,-1.929801622,0.587725798,1.410540876,1.79251144,1.482428335,bad
3611,0.637960928,-1.820886432,-1.547907723,0.295327968,1.791958688,1.943793586,0.280977383,bad
1165,-0.791566524,-0.472792896,1.087454147,-1.489113488,-1.467248606,3.520586893,2.135494154,good
1879,-2.615956496,0.921263421,-2.521159242,0.312473224,-1.178771633,2.240087213,0.293620924,bad
3619,-2.863613161,-3.169046126,1.306072766,-0.666747449,-1.499914063,0.992840657,-4.423516212,bad
952,0.234864163,0.217702559,0.347758926,0.099705734,0.73309596,0.430581455,-2.893865646,good
731,0.786645245,-1.188885508,-0.703423294,2.02625747,-0.164522692,2.108956451,-0.728190556,good
543,-5.23419084,-0.782204481,5.559623565,2.249128499,0.849809838,-1.648863327,4.306460128,bad
661,-0.925349227,-1.213799204,-0.930872022,-0.189799073,1.060093559,1.213984075,0.519551095,bad
3862,-0.176031042,-0.38774258,-3.019427506,0.965269897,-1.967858609,2.088537845,-0.050037559,bad
679,-0.711035314,-3.377666855,1.825954976,2.683285947,2.70647602,1.076922522,0.536212238,good
3190,-2.357098406,-0.038761689,1.645947559,-1.269489941,0.444984916,0.72947343,-2.801128268,good
29,-0.595825477,1.53467991,-1.769318974,0.664501835,-0.432874451,0.800438687,1.64595436,bad
1637,-4.220335603,-1.735699633,-2.112458084,-0.391725768,3.207302475,4.011511138,1.723936784,bad
1079,1.175254612,-2.023453658,-0.608436062,2.111248983,1.579690415,-1.604498657,2.068649561,good
3978,-1.971622595,1.828699509,-1.787126015,0.963285964,-0.300505594,-2.202798075,-2.072508474,good
2931,-2.315037667,-0.632076637,-1.719956319,1.896177956,-0.533710209,1.448866524,-0.683793916,bad
1381,6.406366899,-2.752346865,-4.164118265,0.415241415,0.999640267,3.99560166,1.724251569,good
1065,-3.193771996,2.130105726,-0.247501191,-2.620954157,4.226314433,4.59034704,1.529106684,bad
1527,-3.324922798,-1.048337417,0.784172063,2.17785654,0.459277846,1.700137979,2.96054524,bad
3698,-1.697410227,0.034973005,0.273230181,1.132296519,2.695980347,-0.242545787,-3.365377449,good
2696,1.32433283,-3.076950313,0.072353195,-0.397727956,3.829650618,-1.555760328,1.665924398,good
812,1.867918933,-1.525489177,-1.733019884,1.136499372,-2.357744147,0.323036097,-0.912395857,bad
3204,-5.405693103,-0.055606292,-1.057041176,0.865468934,-0.304585486,1.041008522,-2.235372635,bad
2687,1.71377231,-3.247276583,1.492486574,0.465715945,-0.454654045,-0.147997262,-2.47195567,bad
3067,-1.161463499,1.581072687,-2.399866961,-0.236107018,1.886987636,0.749778458,-0.218830741,good
3152,0.853441808,-0.951263728,-4.7285501,-1.131506246,3.582119835,3.301868246,-0.556703085,bad
2546,-2.652331828,-2.056501587,-3.380336254,-0.133385428,-1.322326087,3.999945773,-3.233639308,bad
2400,-2.275682195,-0.861695169,-2.764352487,1.83660484,1.377284872,4.592999491,0.296232403,bad
618,2.622579451,-0.727552063,-5.079902284,1.234847267,0.450370867,1.793746231,-1.725885201,good
66,-2.188932795,2.131754258,0.260841291,3.886048374,-3.196263115,-3.560593877,0.089512941,good
454,-1.344076104,-2.598472175,3.039253076,0.477874088,0.301253737,1.253182274,0.019317439,good
2284,-0.932976321,0.218100674,2.337452345,1.027432189,-0.372684741,0.108566831,2.504311868,bad
698,-0.22987707,1.138251666,-2.31249341,0.837041563,1.61910525,0.82138118,-2.463749104,good
3026,0.611621934,-1.654902166,1.465394027,-0.490341336,-1.17929256,3.194306565,0.062116068,good
1910,3.375176944,0.866270381,-2.624965547,0.913562619,-2.329670952,1.996365555,0.575495381,good
1212,-1.973276897,-3.830499332,5.612644416,2.101756234,2.53470734,0.223946461,1.643451555,good
1924,0.87236632,0.173314327,-0.190435941,0.138100662,2.872311058,-1.75739624,2.024089693,good
1278,-0.154440024,0.842672891,-1.567003646,-0.452674581,-0.722141599,0.352868161,1.622793192,good
1537,-1.419314255,0.214028072,-3.330630021,-0.602418218,-4.48698161,1.760901209,-0.762112528,bad
1646,0.320942831,-4.124307629,3.894007436,-0.250681805,0.524529624,2.891305877,-0.832732459,good
2631,1.792651291,-0.35959446,-3.347493742,-0.710611793,3.067666128,0.016204302,0.681981804,bad
2467,-1.234839187,1.269943936,-2.430020418,1.796216723,-0.442039985,1.229420582,1.691561916,bad
2838,2.444539016,-1.847246342,-5.190255732,-0.084956614,1.034687884,1.921855817,-0.616023504,bad
1984,-1.507007906,-0.37218244,-4.486023577,0.048306142,-1.10981054,4.961810904,-0.393669424,bad
916,0.964352824,-1.02662996,-0.410942931,2.577588565,-3.129066404,-1.374076067,0.291800325,bad
1905,-1.291458924,-1.672009269,-0.746471019,2.846835147,-2.52227973,2.225132838,-0.180186783,bad
2023,2.316230888,-3.853371915,-1.18844711,3.765607259,0.940405563,-1.025423502,2.48045173,good
3377,0.030148075,-1.084680787,-0.145899098,2.14033166,0.292370331,-1.891992654,2.171090444,good
3120,-0.444543168,-2.575347431,1.475434639,1.779207791,1.535372074,1.415128173,0.55266805,good
3053,2.097690737,0.960396079,-3.30276992,1.668748824,-1.046302685,-1.177782965,0.475477722,bad
3134,-0.231493811,-2.663172054,3.445823059,0.790059602,1.081582383,0.964338833,-1.299867748,good
1518,-0.896425941,-0.896117974,-1.276448942,0.577948237,4.599417026,0.525354568,2.599186237,bad
1909,1.411866768,-0.131127739,-4.547112874,3.194631624,-1.435088988,1.042234156,0.033384684,good
1797,-0.577812886,-5.058679438,1.235391977,2.252303085,-3.482419119,0.425620605,-3.384209522,bad
2419,-5.069332059,1.508076939,3.386235951,-2.239546141,-0.806686778,-0.873890934,-2.647164684,good
787,2.06547763,-2.402223572,-3.101408793,3.617004291,1.900639338,-0.941696086,-0.373300429,good
2154,-0.440814997,-0.045822824,-1.638420507,1.061085169,-0.504020469,0.851915162,-0.129357025,bad
1745,-0.180991023,0.811598539,0.186962771,-2.114348068,-0.963956017,-0.087821433,1.789026195,good
3503,0.981955951,0.534509753,-1.568155322,0.341471643,-0.404180757,-0.364586996,-0.268519733,good
2201,-1.44837283,-0.472324969,-0.28450227,1.47149743,2.708222184,1.332536663,0.658072598,bad
862,-1.073914806,-3.048915039,-0.907396817,0.684222562,3.169329989,2.61061447,2.683269381,bad
2367,0.265542761,-3.522169474,2.499134918,2.236328486,-0.552468893,2.41423252,0.950782318,good
1188,3.489910334,-3.710016895,-3.244492331,2.480136238,0.061552336,1.494731717,-0.436040062,good
1307,-2.388876578,0.781842815,0.748192686,-0.198102163,0.930344776,-0.628333249,-1.833064431,good
954,1.685933654,-4.275657713,-1.59989827,0.998565566,0.641066263,4.526599783,-1.926771608,bad
3940,-1.46086446,0.727280302,0.943751801,0.780577842,1.824773609,-1.962976504,2.257634168,bad
2218,1.230079928,-2.136526255,-1.644883753,1.701972126,-1.116911404,1.121949359,-0.613702772,bad
3323,-0.883525545,-0.530053355,1.637442971,0.273507329,-0.433867413,1.25011331,-1.149860234,good
3339,-3.130432716,-0.053778476,1.944986901,0.681933925,0.813863939,-1.34075827,3.296287937,bad
1956,-3.288756166,0.065990303,1.196369196,2.313421976,-1.005347824,0.227669365,2.503739294,bad
1605,-0.956779845,-0.901276668,-0.3840888,-0.404412449,0.989058197,-2.19470812,2.709944697,bad
1701,-0.28420695,-1.382649877,0.247905261,2.624394588,1.868819129,0.948807484,-0.294918041,good
3364,-0.121463089,-1.45512459,1.890952867,1.139626753,1.075699118,0.823777978,-1.78125695,good
2833,-3.655554398,-2.101528832,0.156958016,0.011405129,4.535179716,1.892605849,3.467810108,bad
338,-0.87259228,-2.754289686,0.683718341,2.650368226,-2.916745613,-1.274902334,-2.144244362,bad
3101,0.45165868,-1.313035383,-2.434208197,0.071708563,-0.890501657,0.113731169,-0.232190647,bad
874,0.604029065,0.159728447,-0.817817097,0.364623749,1.045914587,-1.113209506,-1.243639196,bad
999,-0.938877608,-0.169641689,-0.220232474,1.263677317,1.353255279,-0.144245235,1.22898763,bad
366,-0.276054846,0.218411546,-3.955650594,0.888880804,0.546417056,0.033951672,-0.70466805,good
263,-0.888109498,0.019708233,-1.147750073,0.062864978,0.485839444,1.332188644,-0.531192355,bad
24,0.522960759,-1.428085244,-0.743518743,1.786716194,-4.207543546,-1.825231216,-1.430429857,bad
730,-0.374739412,-1.869798513,-1.943525306,-2.128921578,2.625058465,-0.340250337,-1.03820733,good
2505,-0.463865894,-1.130486543,1.682585819,1.537865135,1.92124972,0.192287085,-2.125177292,good
3482,-0.489770225,-1.03381785,-1.848580276,1.047946967,-1.725705032,1.257670396,-0.402743578,bad
572,-2.876537541,2.173119859,-2.715750514,-1.142241735,-0.047288587,2.955004896,1.004476849,bad
1140,-0.097817579,-1.749790873,0.105745292,1.17334842,-2.867315063,0.48788545,-0.364658365,bad
2721,1.818082479,-2.793261317,0.379520576,-2.346182918,3.880828203,-0.58818278,2.755812939,good
1303,-0.7939203,-1.077424572,-2.227394194,0.892811004,1.163745333,1.832566181,0.329233019,bad
549,-1.484396263,-1.114596738,-4.692234258,-1.367376177,0.111191778,6.066232789,-1.955656366,bad
1232,-3.086025191,-1.985625219,-0.527285803,0.978989219,2.205030798,1.298361016,6.17198647,bad
2365,-0.42835413,-1.950528409,-3.013526825,3.60052062,-4.378330514,0.637951422,-0.780995024,bad
3956,-0.54865355,-2.714222584,1.875525792,2.445013639,1.396514211,1.811201229,1.221697782,good
839,-2.333227356,0.789809118,-0.320618907,0.092722216,0.072852649,0.728017955,-3.47105338,good
1238,-2.601054797,-1.696679966,-4.184230513,1.085641003,-1.326777191,2.323449897,-4.368247677,bad
1433,-2.67798499,-3.759882841,0.044790481,-0.666776013,-0.334118035,3.063271255,-4.467442104,bad
3380,1.067078354,-2.305829339,-1.756187938,0.38545904,3.635274565,-0.600195052,2.697240797,good
1868,-1.654510119,-1.349556441,3.23561412,0.308570722,-0.509226146,1.500709075,3.342109929,good
2990,-3.010279868,-0.664851344,-1.906940603,-0.283595624,0.571321127,3.22411785,-1.721947865,bad
2626,-1.367852841,-1.7659254,0.820931405,1.062155907,2.063021373,1.760781721,0.271799777,good
3092,-1.800434264,-0.667054642,0.052993013,-0.444912137,2.939810082,-1.616973843,3.84744379,bad
1866,-2.496917867,-0.203405436,0.580432387,3.314877978,-4.182210626,3.550163802,-4.950918747,bad
674,1.592905587,0.863294435,-0.985140593,3.203193166,3.548138203,-2.897686032,2.599989695,good
1354,3.75466964,-4.385206001,-3.032131862,1.194918006,-0.390094164,2.075760147,-0.475460518,good
3743,-2.102671946,-0.007395054,0.133886129,1.198670829,3.210020858,0.590544088,2.396013951,bad
1321,-1.089622932,-2.942217471,0.077517814,1.548462922,-1.717317745,1.522587979,-1.852173203,bad
3897,-3.23692679,-0.20470941,1.172163285,1.953748294,-0.882899604,0.627904887,1.358347765,bad
1880,-2.964325412,-0.634887432,-0.121421556,2.546446454,1.870313029,2.425052231,1.293471827,bad
2065,-0.007440284,-2.044055725,-3.74941026,1.002636329,-2.526519517,2.465675722,-2.37639469,bad
3739,-0.868688565,-2.062113103,2.326546439,1.325197041,0.422210587,1.686690018,1.16616104,good
2317,-2.441251849,2.390132781,-1.51128371,0.133842573,0.35948336,1.664920954,2.229527803,bad
3533,-1.889866246,0.998358788,2.37336173,0.045410577,-1.348579012,-3.30618379,1.551755314,good
1123,-1.97530185,0.148919043,-2.065254398,0.971761931,1.009978356,-1.996483744,-1.310787649,good
1939,-0.701007452,-0.566161812,-0.642784228,1.222705831,1.115984833,-0.382661797,0.956782203,bad
596,-0.8194164,-1.491106655,2.477280667,-0.320205955,3.459358522,-3.428554586,4.173553001,good
437,-0.306895676,-0.589711476,0.196903416,1.303502111,0.01103504,-0.443880755,-0.622331787,bad
3257,-2.780291562,-3.215575135,-4.824952064,0.83398463,-1.573736329,4.680339912,-4.781573815,bad
299,-3.000021563,-0.47420736,1.690253883,1.534788299,1.615527086,-0.55376742,0.051771594,good
1074,-3.646451688,-0.239610588,-0.306737877,-0.662168096,-1.193714145,2.504408406,-0.625379668,bad
2401,1.108585256,-1.3756005,0.466650767,3.027071545,-0.022722728,1.619337422,0.673782716,good
1831,-0.956354026,0.990503736,-2.189060121,0.758419861,-0.612462867,0.660521787,0.119975723,bad
3860,-1.374118439,-0.800035188,-0.195442178,-0.52167101,4.076586178,-1.973284436,4.348131862,bad
2268,-1.23879291,-0.380977512,-0.439442155,0.490315949,0.978204212,1.573302181,0.355785802,good
3677,-0.325175488,-1.185583268,1.797445991,0.37072102,1.101220986,0.473681895,-1.276436424,good
382,-1.390267541,-1.577905177,0.559460349,2.620815689,3.360118267,0.044143092,-2.586663686,good
2861,0.458682661,-2.168531574,1.784127,2.565314232,0.482805538,1.547299132,1.570413149,good
1205,-2.946805148,2.161907387,-2.605573593,-0.96484062,-0.017982747,3.267219496,1.304226459,bad
928,0.076444123,-0.896610197,-1.105304552,1.389610378,0.848940578,1.532208376,-0.159626345,bad
65,-3.567897971,1.043742178,2.563399581,0.437276711,1.678518225,-5.313838222,2.071983608,good
3407,-0.574129006,-3.333673571,0.979997591,2.353546704,-1.170385316,1.027216765,-1.317115885,bad
3273,-1.777471726,-0.535455476,2.592794204,0.735941537,1.299667911,-2.698621492,2.39350287,bad
1385,1.141501198,1.137949441,-0.444748801,-0.771399139,1.535552744,-0.696352818,3.559569799,good
2192,-0.503316995,-0.704216886,-3.883713649,0.628402893,2.458651035,3.698133576,-0.409698609,bad
3518,-2.749660963,2.162760065,-0.875878495,-0.082706499,1.753561366,-0.773796446,-5.10061664,good
3662,-1.489220294,-2.648797765,-4.997272132,-0.084500545,3.301842943,5.371677004,3.079908093,bad
3691,-1.490275086,-0.567991035,0.887526824,-0.260951052,1.68149759,0.036148282,-4.120365395,good
349,1.236065726,-2.088223392,0.561290826,-1.729237552,-0.820016612,3.170189091,-4.041148175,good
2106,-0.489236652,4.093888412,-0.117897264,3.427268325,-1.232980826,-3.759720025,-0.360762862,good
2402,0.571692635,-0.863996985,-2.875435049,2.026405836,-4.246383911,1.006723513,0.500029929,bad
3967,-1.547802391,-2.724603636,-0.974454486,0.325558956,2.628070835,1.458281263,3.321828024,bad
3786,-4.167177024,-1.714496074,-0.040556241,0.985488464,1.150473197,1.345710435,-3.344232923,bad
3616,-0.028301416,0.673264832,0.18410859,1.272846977,0.925253121,0.288044808,-1.992564683,good
493,0.186932101,0.120942322,-1.521099023,0.740063478,0.495512004,-1.263133589,-0.980073421,good
2792,-1.419983968,-0.946288205,0.484754288,1.251570056,-1.973308504,-0.743315093,-1.021940944,bad
1974,-1.389875437,-0.534275313,0.251202403,0.792015711,1.065488839,0.519635062,-0.475792246,bad
405,0.773148531,-1.002034226,-0.572641404,0.655668609,-0.577256351,-0.665251625,0.247923104,good
1760,-0.904085707,-1.592800617,2.039239517,3.144232988,-2.484705905,-1.851617659,3.389386459,bad
3667,-1.307506835,-0.779572228,-4.420471164,0.740101707,-1.406777122,2.272082519,-2.600627211,bad
1712,-2.295866617,2.464032657,-5.893006689,0.230860904,-0.921385612,5.204455637,2.779827015,bad
1845,-2.581937119,-1.267016491,0.440147548,2.786573454,0.29023902,-3.863682547,1.226940054,good
1862,0.249423487,-0.80950236,-4.113597218,3.278214575,-0.738681801,2.663672429,0.689321251,bad
1053,-1.157606857,-1.263104355,-1.680959385,0.733119419,0.186830464,1.200394976,-0.24299231,bad
3319,-2.894795693,-1.649702587,1.820986308,2.706713255,-0.484924511,-0.581211313,-0.771607308,bad
323,-3.285803375,1.184246206,-2.015927409,0.57063152,2.056602881,3.359629787,0.931078465,bad
2714,-0.669438376,-1.856203653,-0.952867409,2.00645513,-0.874477548,1.616616853,-0.747510868,bad
256,-4.441796745,-1.308166634,-0.644851723,1.030750207,0.743742159,3.012145933,-1.552642907,bad
1849,0.416286114,-1.352423646,-0.652457917,-0.955997109,-0.384491288,3.435686058,-1.774588694,good
2105,-1.716625199,-1.228013068,-0.8723251,0.931502037,-2.082361597,0.002732702,-2.246384251,bad
3328,-2.72156418,0.260152568,1.367541828,0.357822364,1.710660498,0.556430966,0.048978998,bad
3847,0.204160885,-0.665112156,-1.822992517,3.353827477,-1.074036684,-1.048722905,-0.7949044,bad
2296,2.022389328,-0.946769757,-3.11752961,1.636830184,-2.023518024,0.928424754,-2.037169723,bad
398,0.780136136,-1.562170681,0.86788733,3.27917014,3.136769659,0.853513595,-0.117891307,good
1916,-0.093939404,0.13987119,0.645932492,-0.35896274,-0.525481522,1.858333496,1.054950604,good
867,0.47047684,-2.127997995,-0.509164344,-2.32409399,3.058286118,-0.48845787,0.517261001,good
1211,-3.059858261,-1.133093422,2.58719443,-0.501808301,1.687013732,0.536824052,-1.396166003,good
1184,-2.303770321,1.878451438,-0.44679623,0.322724266,1.171032321,-0.821400531,-2.674506672,good
1934,1.693653501,-3.454192024,-3.327472584,-0.352645073,3.311763466,2.565219068,1.656877646,bad
1255,-1.081854865,-0.947188196,-2.298294004,1.038945013,0.809239359,2.077008059,-1.422775542,bad
1888,-0.846490117,0.291283008,0.410922793,1.318478671,-0.243244175,-1.244824257,-0.138584021,bad
2628,-2.311307466,-2.12144373,1.876618226,1.902770281,-2.325860211,-3.077333947,1.322156035,good
2738,-1.037494783,-0.62402671,-1.866294765,0.633535979,-2.463857324,-0.567371555,-2.448352787,bad
2763,-0.530637076,-0.556666445,1.057852318,-0.442602236,-1.852590368,-1.650414638,-0.733235908,good
272,-3.179262441,-0.88467347,0.775792358,-0.109996168,3.815630366,0.42134604,2.157909715,bad
373,-0.972952656,1.926233331,-0.979577311,-1.134247362,0.510836697,-1.417999466,-0.101724645,good
3784,-0.260338325,-1.105664259,-2.636019646,2.860930855,-2.694129994,-0.499615744,-1.492676524,bad
2742,0.330614771,-0.125896204,-1.618171686,2.971416483,0.599418255,0.807998174,-1.618615272,good
3678,0.592845748,-0.967982939,-1.42466522,2.620696053,-0.533477905,0.413022627,-0.140260908,bad
1672,-1.730349844,-3.716296128,-1.192162133,1.113055255,-2.465312612,1.054595298,-4.547320493,bad
2405,-0.805738815,-1.773678065,2.338773638,2.555178009,2.975385799,-1.211171791,-0.632589366,good
1388,-2.288029933,-1.430545144,-0.223431714,0.639737943,-0.009996295,0.639535181,-2.597220268,bad
82,2.355047056,-0.805007082,-4.046869242,-0.621273549,2.721016877,1.403612449,-1.735117708,bad
2174,-4.389032417,-2.012014025,0.416052283,1.155302186,0.845483421,1.777485812,5.614975313,bad
110,1.438906462,-1.219056994,-0.337509507,-0.394803416,-1.117118275,3.082653988,-1.746685633,good
291,-0.886137099,-1.125871684,-0.291209868,2.596016198,1.279572658,1.261763337,0.328405811,good
2483,0.488245711,-1.705628633,-0.499288906,3.462339191,3.176222707,0.328081517,-1.886004821,good
1784,-1.749567663,-0.377207917,1.443096758,0.523782677,1.645068854,-0.683883746,-4.302060555,good
3686,-0.950541723,-0.878032973,-1.381008463,2.264994488,-2.574356228,-1.511089384,-2.005624759,bad
1023,-0.52075177,-5.4137325,-1.123145153,2.982759983,0.347231924,-2.104364947,-0.426703685,good
946,-1.769068506,-1.490856125,-0.414663062,0.323572213,-0.778968665,1.591536266,-1.507770861,bad
3017,3.863438183,-3.661559233,-0.173749682,-0.587124765,6.497705773,-0.803019407,3.129403535,good
3156,-0.013655423,-1.087966462,-1.956034696,1.99403633,-2.108647791,-0.418796848,-1.570350881,good
1272,-2.213827189,0.49830037,1.216114112,3.84968622,-0.013403914,-4.851519233,2.153440221,good
917,-0.886589942,-1.190352787,-0.447499168,-2.516764475,0.363910378,-0.507086241,-0.813557818,good
1073,-0.124904692,-2.291856932,0.954402632,1.012762494,-0.670690173,2.147549701,-1.419024768,good
1162,2.779673126,-1.913361054,-1.15808634,1.897358876,1.109105299,-0.557879795,0.801162074,good
1562,2.166382684,-0.382873169,-1.106467171,-1.297901027,0.99559795,0.805685583,2.07799313,good
54,3.010344278,-3.423028629,-3.110977964,-1.543044507,3.567608188,1.696232599,0.445840404,good
2852,1.03748922,-4.821267949,2.764996442,4.175667846,1.718785198,1.718456706,3.555318358,good
3843,-2.079584013,-2.276671329,-2.104887453,1.386143859,-0.455105953,3.620838843,0.15706268,bad
1310,-0.014043122,-2.205075892,-0.552342893,0.805807701,-1.712713095,0.735389609,-2.192343114,bad
3734,-0.557750337,-2.13174696,0.281289627,1.742211952,-0.266631328,1.29658399,-0.012433307,bad
2087,1.730568367,-2.407754753,-0.497006285,-1.807876891,0.962064996,0.636254986,1.382718983,good
1459,1.712465209,-2.06480803,-2.207344108,1.99659206,1.521996306,-0.185017747,2.338540166,good
1608,-1.16745157,-2.279614271,1.242500391,2.690915697,0.019711689,1.536990262,1.455562203,good
1291,0.670873929,-3.621538116,2.77849514,1.817759679,1.166009403,1.895061257,0.323823432,good
2039,1.525991681,-2.208141852,-1.03105051,2.534585514,-1.322705161,-0.569179191,-1.736012279,bad
1290,-1.162631368,-3.757613934,1.442476318,1.019868509,-0.858454265,2.219405581,-1.695979688,bad
1957,0.558270558,-4.287580027,3.234078506,1.713390894,1.851739704,0.900321083,-1.425231325,good
3373,-0.542642475,1.188660038,-2.618001759,0.48740168,-0.900953302,0.747661723,0.282464485,bad
2437,-0.048798642,-3.29461348,-1.31395994,1.098101839,-2.369237006,2.252807466,-2.281440707,bad
2533,-2.54893522,0.573118763,1.310391555,1.439321216,-1.119379123,-2.191951197,3.220223691,bad
859,-0.439465957,-1.054024458,1.611051597,0.542554963,0.657318402,-0.911034624,-1.336415136,bad
3879,1.368755792,0.594595783,3.014961047,3.311564279,1.156120121,-4.12900467,5.458589887,good
1671,-1.528733949,-0.673736027,0.850186696,1.883974442,0.445454357,0.504518875,-1.344693541,good
1824,-0.042574321,-1.537303233,0.897910564,1.704865267,-1.687117588,-1.845932305,-1.712621136,bad
184,-4.968508091,-0.814306344,-0.481642861,1.81428028,1.347888899,3.772846884,1.951705686,bad
3595,-0.826173149,-3.465768419,-3.391670449,0.262105904,1.473123289,4.24993938,1.142108458,bad
2625,-2.386099988,-1.611333274,2.076455983,1.346120056,0.290659351,1.240376333,0.050116799,good
246,0.55052261,-0.255666433,-0.569824672,-0.502992458,-1.605193925,2.963923204,0.128325002,good
516,-2.561893576,-1.35131027,-0.820041029,1.49021894,-0.555785929,2.138507132,2.400152227,bad
3022,-2.860756552,-2.706891782,1.453226315,1.492803591,-0.424133646,0.088431591,-2.995325003,bad
2000,-1.111047637,-0.951366149,-1.147093478,0.241393722,-0.755812722,0.286725408,-2.720479949,bad
484,-5.179142697,3.285301301,-0.510329259,1.481673851,3.731720347,-2.844017502,-2.312430431,good
672,1.381277578,4.363065922,-2.569945288,2.139034728,-2.640239031,-0.034340364,0.242878626,good
2289,2.863320776,1.064390627,-3.840678246,-1.371791941,4.361907807,-1.749734309,0.722138309,bad
3368,-2.78777361,-1.716155228,-1.886268596,-0.547641279,-3.216239256,2.751449887,-2.484300312,bad
1625,-2.712530522,-2.789550376,-0.670397326,2.609653218,-0.397278801,4.669601978,-0.362249992,bad
1810,-2.095970857,-1.884574835,3.377054991,-1.420915869,0.205560758,1.143839408,-2.621325047,good
1908,0.763598426,-1.429125238,-0.340216503,1.658917029,-1.251979348,1.424636916,0.842211258,bad
2863,-1.410061215,-0.607507609,1.44786118,1.205564507,0.495130239,1.097101824,-0.472352512,good
3730,1.800361413,-1.305509183,1.376614049,-0.063150028,4.1911636,-2.563769907,3.007054198,good
3994,1.482508009,-2.581181322,-0.306887818,1.527876814,1.05636124,2.560829007,-1.229254586,good
3837,-1.337436585,0.51595831,1.090994628,0.359725015,1.357640147,-0.674734158,-3.886677917,good
2832,-1.520566155,-0.146925139,-6.894485494,2.216431349,0.129410702,2.291799644,-3.176894759,bad
1873,-1.964746194,-1.505150157,-1.066101412,1.570596801,-1.201169738,3.841350517,-3.922591293,bad
863,-0.54606103,-0.539811134,-0.82096586,-0.23790602,-0.559594638,2.064701664,-0.04287989,bad
956,-0.582115179,-0.142370086,-0.057086135,1.164174227,-0.546289605,-0.318578669,-2.088865252,bad
2685,-3.295368231,-0.727647382,2.064442442,-0.763051428,0.710397744,1.003524759,-1.059747757,good
267,0.391502374,-2.231925032,-4.272946199,-0.252954061,1.472741626,2.700868622,0.236001317,bad
3625,-1.641648257,1.742167922,-4.940530387,1.607117284,-1.458742577,2.644386476,1.594064952,bad
897,-1.701201299,-0.825931857,1.35033649,-0.464458651,0.995155776,0.867103783,-3.090406634,good
2793,-1.656012345,-2.318055555,-2.61834519,0.434107693,2.312022259,4.116029443,0.766026809,bad
1723,0.084006117,0.501948566,0.393967503,0.832274186,4.047954181,-3.314816666,2.50518817,good
2944,0.364721232,1.224862984,-0.298152603,1.303718396,0.473782705,-1.115043735,0.349169554,bad
344,0.576112177,-1.698590959,1.234964242,0.411287211,2.901578614,-2.715170794,2.191859787,good
2755,1.272624388,-2.814026395,-2.141309632,2.636311285,-4.422066791,0.337691258,-1.540711874,bad
2584,0.368223175,-0.477913232,-1.224939861,1.487205152,-0.661575914,-1.025724602,0.253207945,good
2551,1.098862291,-2.975829642,2.120282984,1.266468965,-0.108439791,2.233274673,1.006506949,good
3690,-0.05330966,-0.450788314,-0.046452614,0.70069933,1.640553202,-2.093953123,3.592090472,bad
2618,-0.416798641,0.976142114,1.826983276,2.333748891,3.048348776,-4.750804863,3.20408054,good
3694,-0.864605535,-0.064787516,-1.066480372,3.133234629,1.142513579,0.685488676,1.349920757,good
1946,2.193167517,0.430661498,-2.222036172,1.621239054,-0.577165711,0.352711321,0.578838057,good
1198,1.858872886,1.733860347,0.158523633,1.245014642,-1.411167919,-1.161292075,0.836379512,good
2140,-1.500364656,-2.547763152,-0.821351497,0.771691541,-1.203177526,1.068332559,-3.257193758,bad
2075,-2.295813559,-2.917692527,-1.058796127,0.617371758,-1.959403046,2.531233516,-3.004118614,bad
3342,-1.052251562,-3.275731516,-1.498742029,0.303527884,0.081703617,2.455966268,-4.412881167,bad
1259,1.356587075,0.447687407,-1.530451211,0.037369336,-1.506976123,2.684936231,-3.532915159,good
2013,1.636526645,-0.331392898,-5.286588447,0.624402136,2.179352822,2.365220567,-1.377681864,bad
1426,-1.692354408,-0.019196062,0.624921422,1.535747922,2.361738393,-0.614886478,-3.481424234,good
2814,-3.467761181,-1.88961435,2.434853278,0.391053049,3.323576675,-0.590694433,-2.436285918,good
542,-0.172770477,-3.14849599,-0.495672873,0.581483657,0.164349877,-1.184325217,-0.51325681,good
1166,-1.346614238,-1.262771123,0.383208103,-0.219119223,-2.547747984,0.792741462,-1.052173301,bad
1705,0.455101465,-3.034452514,-1.404873844,0.598912183,1.433145835,-0.822855045,-0.453107702,good
281,-0.443086638,-2.352052331,-1.479476129,1.066032559,-0.939353154,1.619963836,-2.420080801,bad
3469,-0.447107029,-2.496793034,-2.636058826,-1.000859054,3.574543294,2.192507772,2.465401734,bad
2999,0.324364911,-1.022385055,0.200602295,1.13310104,-1.079205978,2.5796951,1.625841828,good
1988,1.279257081,0.126719099,-0.986086673,1.055574691,0.124431158,-1.097568699,-0.621715231,bad
2025,-3.523589685,0.494272579,-0.275020086,0.046170188,-3.122809512,-2.132912321,-1.668711571,good
1547,-0.320054345,1.937766854,-1.197318567,-1.134271887,-1.973003483,1.933885169,-1.814628148,good
3820,0.521687972,-1.574657414,-1.151514963,-1.139001477,2.75870859,-1.573510854,3.002468885,bad
2067,2.255393682,-3.51953343,-2.498390014,0.688477709,0.966496856,0.36329525,-2.008544885,good
614,-0.605394525,0.520954496,-0.861903006,-0.715698623,-3.462401397,0.444729417,0.52098068,bad
2118,-0.799235753,-1.0586878,-2.448060515,-1.491060438,5.794131442,-0.32507994,2.309399752,bad
121,-0.776404994,-0.116796706,-1.813091624,1.241549833,-0.577928389,1.3258787,0.224019932,bad
1349,1.087502111,0.680040821,-1.4335652,0.757359101,1.882672391,-1.194227809,1.408120843,good
891,2.874264692,-3.702880406,-1.704317417,3.96381078,0.090643722,-1.058041898,-2.191083585,good
3289,-3.924647702,-2.039912443,0.97177752,0.655087864,0.196430732,0.727576992,-3.329460085,bad
1827,2.17143107,1.444247582,-1.559578052,3.295995846,2.077058905,-1.540429884,3.607232346,good
1233,-1.222419169,-1.389613283,-1.322684748,1.737928792,-2.17578276,-0.06418278,-1.826704357,bad
1889,-1.483209105,0.383226712,-1.612283674,1.428344379,1.639436816,1.157532707,-1.047266468,good
2679,0.051800242,-1.314066494,0.37133775,-2.41355769,4.457239246,-2.521056614,-1.31740779,good
3400,3.930580176,-4.623186204,-2.379691648,2.196926786,2.729475393,0.162543283,-0.195057181,good
2300,1.456556862,-1.892524144,-0.066410459,1.273119771,0.235152661,1.869720669,-2.531913018,good
2881,2.01289604,-3.28669668,-0.860909362,2.895770215,2.653242589,-1.781539494,1.965934989,good
3623,-3.82955684,-0.492880711,1.58137013,2.441031642,-0.618750656,-0.288019553,5.536747898,bad
1995,-0.726807449,0.232626823,-0.147578668,-2.58448605,0.740857708,-0.476960644,1.400482969,good
2969,-2.143788308,-2.540612574,-1.00440071,3.067584696,-1.093234675,-0.205554661,-2.948669595,bad
1470,3.5614343,-1.507359479,-1.712780334,-0.562655933,4.636004563,0.459920304,3.47299406,good
3480,-1.204300325,-1.686992774,0.111621952,2.277152795,2.147131847,0.734044791,-1.92648196,good
3876,-2.941900133,-0.677296819,-1.801199043,0.334617071,-2.229984775,1.869168012,-1.331010488,bad
1675,2.268907808,-3.505175135,-0.740695119,-0.208999255,4.143724356,-0.82837786,1.062597044,good
298,1.137548388,-0.312700661,-1.40331843,0.531703456,-0.584180107,-2.711620839,2.720059239,bad
1733,1.133311318,0.627670705,-1.472139657,2.12096935,-1.366944396,1.347472077,3.509665067,bad
1241,0.699298705,-0.565163514,-1.660427309,3.076135075,0.28494071,-1.619175289,-0.0287965,good
2151,-0.211408934,3.164263246,-1.108673451,3.980778927,1.26355654,-3.791455724,0.126464569,good
2893,-0.300496878,-2.870719087,3.648541808,2.989163145,2.183922618,0.463988562,0.524794375,good
1613,0.11574871,-1.427963833,-3.180721747,1.058497894,-1.318697024,3.461465699,-0.924374191,bad
3426,2.653472286,-5.239829795,-3.238597147,1.152480823,1.795874561,0.962852202,-1.55746322,good
532,-2.700025766,-2.386073587,-2.302098104,-2.078623934,5.870747305,3.245839004,1.818460298,bad
1427,-2.471983149,0.331150999,2.076641684,1.728559,1.963393781,-1.678852379,3.501481092,bad
1316,1.103704396,-4.586476712,3.405310455,3.269742436,0.208975275,2.869315,4.334399653,good
243,-4.572620612,0.100533955,1.58402999,-0.55268722,-0.677374932,1.379152541,0.142473791,bad
2059,1.335718605,0.72821767,-2.595384659,1.423958085,-0.038447614,-0.617970996,-0.292091057,bad
1286,0.039004099,-2.903122082,-3.513414258,1.225970796,3.442894611,4.493856241,0.437557417,bad
2216,-2.162204213,-0.177489528,-2.536287216,0.730679333,0.216158022,2.556700744,-0.693294222,bad
273,-0.284107695,-1.754920326,1.174448898,2.289448917,1.288249759,1.153113388,0.398870457,good
1926,0.919370768,-3.102986782,-0.153153248,2.541856654,0.752275592,-1.918296603,0.376595844,good
3442,-1.956907306,-0.311180461,-0.039952996,0.73512694,4.602345457,0.223522072,4.024592092,bad
903,2.892774871,0.900971232,-0.418609504,4.59193582,-0.46612229,-1.787328692,2.215688603,good
3948,-2.576074317,-0.412263888,0.423857954,1.06748333,0.149400357,1.331708104,-0.071538203,bad
443,0.217790779,0.380548321,-0.449453049,2.318266697,1.960640895,0.083800264,0.032101352,good
2851,-1.479299761,1.948079683,-2.58143201,-1.017572382,-0.116365071,-0.565001529,-0.970844205,good
2250,-1.623184045,-0.80700759,-0.371444497,0.431803665,0.467251243,1.741359744,-0.836539152,bad
1627,0.368318614,0.111173771,-1.301666454,0.968243775,0.120492075,0.267288701,0.202817792,bad
3906,0.169607816,-0.729545601,-0.826745594,0.993625818,0.276170346,1.91902546,0.526956474,bad
1673,-2.482187534,-0.887877764,1.649343823,0.077475102,1.906561226,0.330406753,-3.322432942,good
58,-0.479883026,-0.079195404,-0.843547042,3.049567607,3.663838119,-0.365698656,-1.473537531,good
2613,-1.758670356,-2.463133337,-1.973352164,1.392158608,0.450533769,3.56626377,1.561226504,bad
3617,0.775449613,-1.211850968,-3.905036526,1.223717016,1.621898168,3.552186063,-1.151269301,bad
